medallion,hack_license,vendor_id,rate_code,store_and_fwd_flag,pickup_datetime,dropoff_datetime,passenger_count,trip_time_in_secs,trip_distance,pickup_longitude,pickup_latitude,dropoff_longitude,dropoff_latitude,is_Bronx, hack_license, vendor_id, rate_code, store_and_fwd_flag, pickup_datetime, dropoff_datetime, passenger_count, trip_time_in_secs, trip_distance, pickup_longitude, pickup_latitude, dropoff_longitude, dropoff_latitude
B6EA16667573BC4128A52741FEC5E703,BA510F229E9E7E2925B098D89BD85113,VTS,1.0,,2013-01-14 01:38:00,2013-01-14 01:51:00,1.0,780.0,4.95,-73.884933,40.858315,-73.900223,40.903904,True,,,,,,,,,,,,,
6E9146D260A81B7141AB2E0968DCB068,11F56F6FE36E98704CE0DAD8DF93F681,VTS,1.0,,2013-01-14 09:41:00,2013-01-14 09:51:00,1.0,600.0,1.15,-73.885208,40.860645,-73.875748,40.873573,True,,,,,,,,,,,,,
6E9146D260A81B7141AB2E0968DCB068,11F56F6FE36E98704CE0DAD8DF93F681,VTS,1.0,,2013-01-14 12:42:00,2013-01-14 12:49:00,1.0,420.0,1.15,-73.881218,40.856407,-73.866257,40.865906,True,,,,,,,,,,,,,
6E9146D260A81B7141AB2E0968DCB068,11F56F6FE36E98704CE0DAD8DF93F681,VTS,1.0,,2013-01-14 12:52:00,2013-01-14 13:00:00,1.0,480.0,1.39,-73.886536,40.8512,-73.896759,40.854237,True,,,,,,,,,,,,,
7A60A7B144A615C5AEE7EB1AD260C0EC,1D138AF9981D63F636FCA2BF1BD85DEE,VTS,1.0,,2013-01-14 14:35:00,2013-01-14 14:41:00,5.0,360.0,1.57,-73.873001,40.856281,-73.873001,40.856281,True,,,,,,,,,,,,,
2243C00138C2A8DE4FF90E8433645C35,CF4FCE3B4C70CD8639C01A9DFA0ABC36,VTS,1.0,,2013-01-14 17:57:00,2013-01-14 18:00:00,1.0,180.0,0.7,-73.881622,40.854771,-73.88176,40.856152,True,,,,,,,,,,,,,
2243C00138C2A8DE4FF90E8433645C35,CF4FCE3B4C70CD8639C01A9DFA0ABC36,VTS,1.0,,2013-01-14 18:01:00,2013-01-14 18:10:00,2.0,540.0,1.98,-73.881821,40.856457,-73.884865,40.858696,True,,,,,,,,,,,,,
6E9146D260A81B7141AB2E0968DCB068,11F56F6FE36E98704CE0DAD8DF93F681,VTS,1.0,,2013-01-16 10:32:00,2013-01-16 10:45:00,1.0,780.0,2.19,-73.879425,40.853203,-73.908981,40.854458,True,,,,,,,,,,,,,
6C077CEF2A2D7B8BDA9AAA4AE5E52600,74F12F616F0885D821D83DF0F49F4F33,CMT,5.0,N,2013-01-02 04:57:23,2013-01-02 04:58:24,1.0,40.0,0.0,-73.88324,40.856251,-73.88324,40.856251,True,,,,,,,,,,,,,
E03B9EBAE979E6BE2BAB018F63696B2C,F009290CFD14DF041140A4EDC49F5E56,VTS,1.0,,2013-01-01 20:00:00,2013-01-01 20:07:00,1.0,420.0,1.45,-73.879028,40.852654,-73.875557,40.854286,True,,,,,,,,,,,,,
5BFFF6A2745737CEFE829A85167CA6C6,CDA25C19E899F6A0221B7365C8AF0EAB,VTS,1.0,,2013-01-04 13:16:00,2013-01-04 13:16:00,2.0,0.0,0.09,-73.880875,40.860832,-73.880829,40.859573,True,,,,,,,,,,,,,
0FBCA8B7F51A9684E0CAEEEBD3B1DD52,9EAEEA7B8F75E5E23807EF589BF15077,VTS,1.0,,2013-01-05 04:22:00,2013-01-05 04:43:00,1.0,1260.0,3.52,-73.884987,40.854336,-73.912575,40.875156,True,,,,,,,,,,,,,
980B554CAEC3E2C077D905EC4A286EE4,018B84B770A384B90785D0CBDE32401E,VTS,1.0,,2013-01-06 21:34:00,2013-01-06 21:42:00,1.0,480.0,1.34,-73.881363,40.851398,-73.897522,40.862839,True,,,,,,,,,,,,,
157E792C9A2041556B50C006B2C44594,5AE2BD64DE046BC5C22AFAD51446AC05,CMT,5.0,N,2013-01-01 04:12:46,2013-01-01 04:13:30,3.0,44.0,0.0,-73.884644,40.856674,-73.884636,40.856693,True,,,,,,,,,,,,,
BD7DDBAFAF0C3619EAABB85DDB742879,E89F453D50A9FFE22DF4560F9659BC87,CMT,5.0,N,2013-01-12 21:49:17,2013-01-12 21:49:34,1.0,17.0,9.2,-73.886665,40.860184,-73.886665,40.860184,True,,,,,,,,,,,,,
8B92CB499DFC80FC3422BC4A05BFA582,267BFCD7DF57DA5835839082DD391353,CMT,1.0,N,2013-01-13 07:49:58,2013-01-13 07:56:04,1.0,366.0,2.1,-73.883774,40.851498,-73.870514,40.870129,True,,,,,,,,,,,,,
33DF2EACFCFF8646CE34F48F1248C89E,AC63C46044FC3E0DFF7FF2908232A90F,CMT,1.0,N,2013-01-01 05:37:39,2013-01-01 05:48:37,1.0,658.0,2.1,-73.882874,40.857594,-73.8937,40.845127,True,,,,,,,,,,,,,
2C515508B88F7459FEC1955553558A2E,C9863AE1E16D13E7F51E5C1280FE43A2,CMT,1.0,N,2013-01-02 12:10:31,2013-01-02 12:33:35,1.0,1384.0,4.7,-73.881248,40.86171,-73.931381,40.823353,True,,,,,,,,,,,,,
4D3A205CED78B062198F68939C5BAF13,C8F1815FB2C57A599A74B019A43031A3,VTS,1.0,,2013-01-20 23:41:00,2013-01-20 23:54:00,1.0,780.0,2.26,-73.885178,40.857304,-73.905457,40.877899,True,,,,,,,,,,,,,
E0975A5EDF7FC0C8EECA3979F61342F8,59CD90CDA25190FCFE1617BD09B41583,CMT,1.0,N,2013-01-21 18:41:15,2013-01-21 18:41:19,1.0,4.0,0.0,-73.882652,40.860149,-73.882652,40.860149,True,,,,,,,,,,,,,
38CA8BCB4180F32BEDE6FE085F4E445E,CE7A3E2632A838C9C02334D65E4355AF,CMT,1.0,N,2013-01-13 00:13:19,2013-01-13 00:15:08,1.0,108.0,0.3,-73.885956,40.863708,-73.881561,40.859619,True,,,,,,,,,,,,,
E6E5919C2782FCC4D9BC84E48A84C64B,427DE707D035285C19D538711B6E36FF,VTS,1.0,,2013-01-21 03:12:00,2013-01-21 03:23:00,1.0,660.0,2.36,-73.88504,40.855785,-73.884979,40.859734,True,,,,,,,,,,,,,
E6E5919C2782FCC4D9BC84E48A84C64B,ABB2DD5580365802DDE6F3DE2A232613,VTS,1.0,,2013-01-28 22:46:00,2013-01-28 22:58:00,1.0,720.0,2.99,-73.882103,40.852139,-73.886124,40.856949,True,,,,,,,,,,,,,
E6E5919C2782FCC4D9BC84E48A84C64B,ABB2DD5580365802DDE6F3DE2A232613,VTS,1.0,,2013-01-28 23:01:00,2013-01-28 23:07:00,1.0,360.0,1.26,-73.88546,40.856617,-73.883476,40.857788,True,,,,,,,,,,,,,
E6E5919C2782FCC4D9BC84E48A84C64B,ABB2DD5580365802DDE6F3DE2A232613,VTS,1.0,,2013-01-28 23:21:00,2013-01-28 23:38:00,1.0,1020.0,6.34,-73.880112,40.856083,-73.870773,40.847069,True,,,,,,,,,,,,,
469F250223E3C6B213079BDC116DA38A,8E25696EE8EE6AFC4C69135431990FA4,CMT,1.0,N,2013-01-31 07:18:36,2013-01-31 07:30:56,1.0,739.0,2.4,-73.875191,40.855785,-73.91864,40.864372,True,,,,,,,,,,,,,
F1EF8290A54338B1396DD98E38E09143,50E45C7C10AA03EB61DA729615B32C4A,CMT,1.0,N,2013-01-18 22:52:34,2013-01-18 22:59:00,1.0,385.0,1.1,-73.88401,40.855183,-73.896683,40.862511,True,,,,,,,,,,,,,
C82249C67D41B32F8F34303381505A4B,908C9DFBBED5E75EBF0061A38D2E9C54,VTS,1.0,,2013-01-11 05:04:00,2013-01-11 05:17:00,1.0,780.0,3.38,-73.884666,40.858234,-73.890625,40.88485,True,,,,,,,,,,,,,
AEEF59F8EBF2835331D117D6EBA78643,82BB8935FAE0D11A79274C7AF15E3429,VTS,1.0,,2013-01-11 19:17:00,2013-01-11 19:26:00,1.0,540.0,1.03,-73.886246,40.85907,-73.900795,40.857944,True,,,,,,,,,,,,,
DB8409179887E6633474EE4245FA1A65,F13A6FF984A433CA71EF7D707EFBA7E4,CMT,1.0,N,2013-01-08 12:55:47,2013-01-08 13:11:04,1.0,917.0,7.1,-73.882095,40.852177,-73.925934,40.827686,True,,,,,,,,,,,,,
198109D0AF980C5BC9EB6BAB9FD86EF8,F4D65A8196B69C342ACFD28560F68D9D,CMT,1.0,N,2013-01-27 02:20:06,2013-01-27 02:20:11,1.0,4.0,12.4,-73.883987,40.858582,-73.883995,40.858582,True,,,,,,,,,,,,,
9D9A208AD124DFCAF143C78B5982185B,8D13DF4AFDE3F36B931990502191E5DE,VTS,1.0,,2013-02-02 03:06:00,2013-02-02 03:06:00,6.0,0.0,0.0,-73.886375,40.857067,-73.886398,40.857052,True,,,,,,,,,,,,,
F4EB6961CAE1BA906C27C01798A551EB,23B49AF8CFA28510B28CBCAC21B66D51,VTS,1.0,,2013-02-03 16:41:00,2013-02-03 16:51:00,6.0,600.0,1.18,-73.880783,40.861168,-73.889038,40.874275,True,,,,,,,,,,,,,
E6E5919C2782FCC4D9BC84E48A84C64B,ABB2DD5580365802DDE6F3DE2A232613,VTS,1.0,,2013-02-08 23:06:00,2013-02-08 23:13:00,1.0,420.0,1.96,-73.87841,40.859695,-73.872757,40.859413,True,,,,,,,,,,,,,
E6E5919C2782FCC4D9BC84E48A84C64B,ABB2DD5580365802DDE6F3DE2A232613,VTS,1.0,,2013-02-08 22:44:00,2013-02-08 22:50:00,1.0,360.0,0.81,-73.885704,40.857441,-73.885231,40.858547,True,,,,,,,,,,,,,
22D086BC0589178A04854A77DE6DA0B2,86E895764AA8A2D796CD6F31C9611B47,VTS,1.0,,2013-02-04 02:08:00,2013-02-04 02:24:00,5.0,960.0,3.06,-73.884819,40.8554,-73.92778,40.859238,True,,,,,,,,,,,,,
E6E5919C2782FCC4D9BC84E48A84C64B,ABB2DD5580365802DDE6F3DE2A232613,VTS,1.0,,2013-02-09 00:40:00,2013-02-09 00:46:00,1.0,360.0,1.0,-73.876534,40.864208,-73.874428,40.864239,True,,,,,,,,,,,,,
E6E5919C2782FCC4D9BC84E48A84C64B,ABB2DD5580365802DDE6F3DE2A232613,VTS,1.0,,2013-02-09 00:51:00,2013-02-09 00:59:00,1.0,480.0,1.6,-73.877319,40.863468,-73.876968,40.860836,True,,,,,,,,,,,,,
3682A5F0B37CA2DF03FD8F3B5094A4D0,EE5B3F2B703ADD274AEC36335CE70C68,VTS,1.0,,2013-02-16 03:24:00,2013-02-16 03:39:00,2.0,900.0,4.08,-73.886917,40.859322,-73.912735,40.88974,True,,,,,,,,,,,,,
DC603E7F4F7ED742461CA17C1FD3F4D6,FC53CD0E09B7686B94E53209A0E2F591,VTS,1.0,,2013-02-12 21:07:00,2013-02-12 21:14:00,1.0,420.0,1.59,-73.88221,40.857777,-73.88485,40.838215,True,,,,,,,,,,,,,
6E9146D260A81B7141AB2E0968DCB068,11F56F6FE36E98704CE0DAD8DF93F681,VTS,1.0,,2013-02-16 15:54:00,2013-02-16 16:07:00,2.0,780.0,1.44,-73.874016,40.862164,-73.896034,40.868126,True,,,,,,,,,,,,,
EA90372C2DDC6C5C4238632EEF2B1AE5,1C195B90C80FBBBD00E5335220A1B8D2,VTS,1.0,,2013-02-16 19:08:00,2013-02-16 19:10:00,1.0,120.0,0.32,-73.881378,40.854237,-73.881378,40.854237,True,,,,,,,,,,,,,
EA90372C2DDC6C5C4238632EEF2B1AE5,1C195B90C80FBBBD00E5335220A1B8D2,VTS,1.0,,2013-02-16 19:12:00,2013-02-16 19:14:00,1.0,120.0,0.85,-73.881378,40.854237,-73.871788,40.856445,True,,,,,,,,,,,,,
3F28C8A6D7D660D90AD99C7A49AFEC89,C083CBFD205D855C14824E0704F5A1CE,VTS,1.0,,2013-02-23 01:58:00,2013-02-23 02:12:00,2.0,840.0,5.69,-73.885941,40.857502,-73.898132,40.89082,True,,,,,,,,,,,,,
3456FF0ADCCA2059B16EFF7827A20B80,F73E50F78EA759805066E4BFCEF949C6,VTS,1.0,,2013-02-23 00:27:00,2013-02-23 00:42:00,1.0,900.0,2.65,-73.886856,40.857803,-73.927711,40.865898,True,,,,,,,,,,,,,
11E75EE1060FC3DD7DCCAC2CB5D8F9C1,DB84F30B78CD4B7E6C83F596696524C1,CMT,5.0,N,2013-02-28 09:22:46,2013-02-28 09:22:53,1.0,6.0,0.0,-73.884399,40.861881,-73.884407,40.861893,True,,,,,,,,,,,,,
11E75EE1060FC3DD7DCCAC2CB5D8F9C1,DB84F30B78CD4B7E6C83F596696524C1,CMT,1.0,N,2013-02-28 09:20:22,2013-02-28 09:20:24,1.0,2.0,0.0,-73.884384,40.861889,-73.884384,40.861893,True,,,,,,,,,,,,,
3932F94A3EEC2B46F8F3BEF17CF0FE6C,6F0C237F479FFEA6DA86ACEC3A91D846,CMT,1.0,N,2013-02-28 03:12:22,2013-02-28 03:20:48,1.0,506.0,2.3,-73.885529,40.85844,-73.858276,40.874348,True,,,,,,,,,,,,,
9396AA98E92043C26AAB08664B7C9D04,9C016C49AC105061C65CE36D1DF36FAD,VTS,1.0,,2013-02-25 11:57:00,2013-02-25 11:58:00,2.0,60.0,0.0,-73.882256,40.860023,-73.882233,40.860031,True,,,,,,,,,,,,,
081C2FF3C9A33C08C4CEB0BB7356B501,A58A5F6434BF6AC80EC818715E16DB21,CMT,1.0,N,2013-02-08 12:22:34,2013-02-08 12:23:21,1.0,47.0,20.2,-73.885979,40.858959,-73.887695,40.859886,True,,,,,,,,,,,,,
275D763E93CC5D954A095A731CF61F10,CBA7747E7BA8CE02430C0940C587B3D0,CMT,1.0,N,2013-02-09 00:40:39,2013-02-09 00:45:47,1.0,307.0,0.7,-73.886055,40.859047,-73.893898,40.865097,True,,,,,,,,,,,,,
964E8D255C072FF9CF81ABC92E01A045,2DF1DF0009124F637BAC9F29C211023D,CMT,1.0,N,2013-02-10 02:49:47,2013-02-10 03:01:49,2.0,721.0,6.9,-73.885017,40.858196,-73.80159,40.809269,True,,,,,,,,,,,,,
97ED1DD4A59C8F4BA31C40A673924B5E,E0848EC14E0D0D726397B01403281501,CMT,1.0,N,2013-02-10 03:23:14,2013-02-10 03:32:50,1.0,575.0,2.3,-73.886459,40.857544,-73.921463,40.868107,True,,,,,,,,,,,,,
A340720E7B4F1F4769EB1214BA6E070B,AF1177F1A79CD13123E6034DA6A2B89B,CMT,1.0,N,2013-02-13 06:06:28,2013-02-13 06:08:43,1.0,135.0,0.7,-73.878075,40.864094,-73.886711,40.866013,True,,,,,,,,,,,,,
4370BB0F0151F02C791937F2C20819E5,61EC6DAC5F47AE1EC01773F5F73BEC83,CMT,1.0,N,2013-02-14 01:54:39,2013-02-14 02:09:51,1.0,912.0,3.0,-73.882782,40.852448,-73.924919,40.861874,True,,,,,,,,,,,,,
4591B5DD928BB1A9444B706425BECD8F,D4BF0C0105A1258E2ADD412BC4AC6BA3,CMT,1.0,N,2013-02-13 13:02:53,2013-02-13 13:21:21,1.0,1108.0,2.0,-73.88414,40.858269,-73.91925,40.864887,True,,,,,,,,,,,,,
94244A84A5BEACC08C2FC63A6C475713,DCBE07698A0E5FCD02A7372D04D54F5D,CMT,1.0,N,2013-02-23 00:16:02,2013-02-23 00:27:02,1.0,659.0,1.5,-73.884109,40.858459,-73.891602,40.869976,True,,,,,,,,,,,,,
1920DC2DE67BFC92C700DAE5A0C80E21,9FE5DAB656CDB829A2B2D7F215AF5B58,CMT,5.0,N,2013-02-20 00:10:17,2013-02-20 00:11:37,1.0,80.0,0.0,-73.885033,40.85741,-73.885033,40.85741,True,,,,,,,,,,,,,
4CE8C41FACC5889E95A7DF77041D379D,32F396AB5D7E12CB54EBC3F36AE79DB4,CMT,1.0,N,2013-02-21 06:28:11,2013-02-21 06:28:40,1.0,28.0,12.0,-73.886108,40.85487,-73.886543,40.855179,True,,,,,,,,,,,,,
6E9146D260A81B7141AB2E0968DCB068,11F56F6FE36E98704CE0DAD8DF93F681,VTS,1.0,,2013-02-05 08:11:00,2013-02-05 08:27:00,1.0,960.0,1.87,-73.881561,40.851524,-73.855446,40.841911,True,,,,,,,,,,,,,
936B61A274DD5AA7B5AAD1E767C72EAC,,,,,2013/7/12 08:16,2013/7/12 08:25,,540.0,0.52,-73.885521,40.859299,-73.89032,40.861279,True,EFC0F392B912F3D371B712140FC27C85,VTS,1.0,,,,1.0,,,,,,
77D0801A31D1326C3D71CB8E5611D30C,,,,,2013/7/16 16:10,2013/7/16 16:13,,180.0,0.35,-73.884689,40.858391,-73.889977,40.861023,True,CA5758329512BB4181C32BE43C931F71,VTS,1.0,,,,1.0,,,,,,
EE1513D432B07F7E0B5E2ED1EF629086,,,,,2013/7/17 08:58,2013/7/17 09:01,,180.0,0.57,-73.886559,40.859245,-73.89547,40.862221,True,BE381B7969C0BC767DCDA7974BF6B875,VTS,1.0,,,,6.0,,,,,,
DF85538DFDC1347EB6A42B1362077A2D,,,,,2013/7/3 14:27,2013/7/3 14:37,,600.0,2.07,-73.880791,40.85614,-73.877739,40.838688,True,C2A8A89D92CB1514C5E3FE0539EFD601,VTS,1.0,,,,1.0,,,,,,
0FCAD8D2B0D6CAFB4CA81DD5137BE34E,,,,,2013/7/3 18:44,2013/7/3 19:07,,1380.0,2.45,-73.886322,40.859058,-73.925064,40.868828,True,479C9DBFA8F1E2B5E00283B03ACB3FC1,VTS,1.0,,,,2.0,,,,,,
78CAD7950B87C9C16DB014D6AE4D7D65,,,,,2013/7/2 21:35,2013/7/2 21:47,,756.0,2.4,-73.878845,40.854603,-73.878845,40.854603,True,6F0C237F479FFEA6DA86ACEC3A91D846,CMT,1.0,N,,,1.0,,,,,,
78CAD7950B87C9C16DB014D6AE4D7D65,,,,,2013/7/2 22:29,2013/7/2 22:39,,620.0,2.6,-73.878845,40.854603,-73.878845,40.854603,True,6F0C237F479FFEA6DA86ACEC3A91D846,CMT,1.0,N,,,1.0,,,,,,
78CAD7950B87C9C16DB014D6AE4D7D65,,,,,2013/7/2 22:55,2013/7/2 23:00,,323.0,1.2,-73.878845,40.854603,-73.878845,40.854603,True,6F0C237F479FFEA6DA86ACEC3A91D846,CMT,1.0,N,,,1.0,,,,,,
78CAD7950B87C9C16DB014D6AE4D7D65,,,,,2013/7/2 22:10,2013/7/2 22:25,,867.0,2.5,-73.878845,40.854603,-73.878845,40.854603,True,6F0C237F479FFEA6DA86ACEC3A91D846,CMT,1.0,N,,,1.0,,,,,,
CBE2015D17B8641EADA0BFAD797C86FF,,,,,2013/7/20 01:32,2013/7/20 01:33,,60.0,0.53,-73.885818,40.857571,-73.891212,40.861729,True,976AA1E9D64DCC18A92C21C9A2C82EC0,VTS,1.0,,,,6.0,,,,,,
32EDFD4F796FB7716AAA4B22F441F3CF,,,,,2013/7/22 01:19,2013/7/22 01:26,,420.0,1.9,-73.881973,40.857147,-73.899826,40.869812,True,C95686699914AD2534F6A2EC9FEEE29C,VTS,1.0,,,,1.0,,,,,,
FEB809EC5B02237F0D21ECB8641C860C,,,,,2013/7/7 23:55,2013/7/8 00:08,,830.0,3.3,-73.885628,40.858845,-73.913086,40.889175,True,0544E0876917569458798E5090E05805,CMT,1.0,N,,,1.0,,,,,,
78CAD7950B87C9C16DB014D6AE4D7D65,,,,,2013/7/2 23:08,2013/7/2 23:15,,437.0,1.2,-73.878845,40.854603,-73.878845,40.854603,True,6F0C237F479FFEA6DA86ACEC3A91D846,CMT,1.0,N,,,2.0,,,,,,
78CAD7950B87C9C16DB014D6AE4D7D65,,,,,2013/7/2 23:25,2013/7/2 23:33,,460.0,1.7,-73.878845,40.854603,-73.878845,40.854603,True,6F0C237F479FFEA6DA86ACEC3A91D846,CMT,1.0,N,,,1.0,,,,,,
78CAD7950B87C9C16DB014D6AE4D7D65,,,,,2013/7/2 23:50,2013/7/3 00:13,,1383.0,7.5,-73.878845,40.854603,-73.878845,40.854603,True,6F0C237F479FFEA6DA86ACEC3A91D846,CMT,1.0,N,,,1.0,,,,,,
78CAD7950B87C9C16DB014D6AE4D7D65,,,,,2013/7/2 21:50,2013/7/2 21:59,,493.0,2.5,-73.878845,40.854603,-73.878845,40.854603,True,6F0C237F479FFEA6DA86ACEC3A91D846,CMT,1.0,N,,,2.0,,,,,,
78CAD7950B87C9C16DB014D6AE4D7D65,,,,,2013/7/2 23:35,2013/7/2 23:46,,638.0,2.2,-73.878845,40.854603,-73.878845,40.854603,True,6F0C237F479FFEA6DA86ACEC3A91D846,CMT,1.0,N,,,2.0,,,,,,
67BB49360B9CB8EBC2C1F007A6AF85B4,,,,,2013/7/6 04:58,2013/7/6 05:02,,204.0,1.0,-73.884987,40.851593,-73.879555,40.840992,True,2639F0B8BB2405511DE80971FE672C15,CMT,1.0,N,,,1.0,,,,,,
D72C164FE66ADFFFE94472B10DA5F9E3,,,,,2013/7/20 11:15,2013/7/20 11:21,,364.0,0.3,-73.886421,40.860077,-73.886719,40.859249,True,87511560B98F6289718EAF3B42F060EE,CMT,1.0,N,,,1.0,,,,,,
0EA551FEBC251EBCC758D0F5AF2BCD51,,,,,2013/7/18 21:29,2013/7/18 21:47,,1088.0,3.3,-73.881866,40.852299,-73.917038,40.871559,True,FC12631D41704C3F11C886E4014B60CD,CMT,1.0,N,,,1.0,,,,,,
5786542D53687B2DBCC12CE6060AB671,,,,,2013/7/18 21:41,2013/7/18 21:48,,421.0,1.8,-73.876472,40.855808,-73.869675,40.836071,True,100BA84AEC9E6FF81DF9858C3A51B23C,CMT,1.0,N,,,1.0,,,,,,
D886C7DC412D236CF1797D4B5BC90DDB,,,,,2013/7/28 13:27,2013/7/28 14:10,,2626.0,4.5,-73.882149,40.851254,-73.923927,40.827477,True,DEAF34449B411FC5D43986BDAF24A396,CMT,1.0,N,,,2.0,,,,,,
4C5369792A667879EA8B1DBD73AFC7AD,,,,,2013/7/27 00:44,2013/7/27 00:55,,651.0,3.5,-73.88549,40.857929,-73.827896,40.852867,True,68FC8AD7D27507EA104DB173A3194AC5,CMT,1.0,N,,,1.0,,,,,,
4BA19608138BFFCCAEC0DEB910D5BFBE,,,,,2013/7/27 12:21,2013/7/27 12:30,,483.0,1.4,-73.88427,40.858288,-73.897789,40.846931,True,548077C08728526CF2328F0C4237D000,CMT,1.0,N,,,2.0,,,,,,
F1C9999513AF3506F13F6FB7AF823720,,,,,2013/7/8 17:03,2013/7/8 17:39,,2160.0,7.09,-73.877686,40.855427,-73.92836,40.823757,True,BACEA353BB4106A005BB7836BDCAC0C3,VTS,1.0,,,,3.0,,,,,,
96081DFE937F4C78CB2D6E1A087EE4A3,,,,,2013/7/9 14:10,2013/7/9 14:34,,1440.0,3.24,-73.880974,40.861488,-73.920013,40.864571,True,7BE0B74C00C168005F8FD7B2FBFB6DCD,VTS,1.0,,,,5.0,,,,,,
ECAAC5782F7B0E2A5464DFEA4A678F5D,,,,,2013/7/9 13:33,2013/7/9 13:42,,540.0,0.89,-73.882767,40.860111,-73.890495,40.861362,True,09202BEAD12EF1AFAB1E946D3731DE7D,VTS,1.0,,,,1.0,,,,,,
BBC0235C4E34B067CAD8B6FFB9D1007D,,,,,2013/7/6 04:03,2013/7/6 04:12,,509.0,1.1,-73.885696,40.855907,-73.885719,40.855911,True,38F144FD2A04A5C139082ED32232A6A3,CMT,1.0,N,,,1.0,,,,,,
CBE031BED92D5E61DD78CD9EE6ED0ED0,,,,,2013/8/30 21:23,2013/8/30 21:31,,457.0,2.2,-73.880753,40.857224,-73.866951,40.873104,True,D03CBAF891340C0A7D75A83776D7C1D3,CMT,1.0,N,,,1.0,,,,,,
2E34B3CAEB763EA98BAA700EFFC78E3D,,,,,2013/8/7 13:58,2013/8/7 14:30,,1920.0,6.44,-73.881371,40.861374,-73.932404,40.860714,True,CDA25C19E899F6A0221B7365C8AF0EAB,VTS,1.0,,,,2.0,,,,,,
C370916BDF1E9C12FB658897C501C5CC,,,,,2013/8/16 07:18,2013/8/16 07:19,,60.0,0.07,-73.886772,40.856522,-73.887466,40.855736,True,A9648B8342E3E571686B665447502F3D,VTS,5.0,,,,1.0,,,,,,
7A4CC4346548877E797140EE84046F25,,,,,2013/8/17 08:53,2013/8/17 09:28,,2100.0,8.1,-73.881561,40.857536,-73.93251,40.866566,True,0B7FAC090C0A5BF9574FCE5A827D7261,VTS,1.0,,,,2.0,,,,,,
88623E136E8BFBF38DDDC2A532BA50E3,,,,,2013/8/17 21:36,2013/8/17 21:37,,60.0,0.4,-73.884987,40.858456,-73.890213,40.861149,True,673791FFA0915935B8F815E4EBABF6E9,VTS,1.0,,,,1.0,,,,,,
9F4471C9B368AF40AD9F04027BE2F648,,,,,2013/8/21 12:03,2013/8/21 12:18,,900.0,2.77,-73.882011,40.851849,-73.921143,40.865437,True,4C94CF29B370DEE9E7361461E0FE66C5,VTS,1.0,,,,1.0,,,,,,
49E06386E3DF30FFB6A98D4321874BF0,,,,,2013/8/24 15:44,2013/8/24 16:02,,1080.0,6.77,-73.884911,40.858292,-73.782875,40.837643,True,C8C4020B89F9312B68979104595A2038,VTS,1.0,,,,1.0,,,,,,
3C91D87EA60B8770E5DD4417FB49940A,,,,,2013/8/24 10:12,2013/8/24 10:18,,360.0,1.18,-73.881378,40.854656,-73.89608,40.862366,True,4AEB14CA4ABF0ACAA011AA24E629EB99,VTS,1.0,,,,1.0,,,,,,
F6159237810614D8132DBBF0333DC13B,,,,,2013/8/30 04:57,2013/8/30 05:02,,300.0,1.56,-73.881088,40.855511,-73.885353,40.837822,True,A0A5550DB87A3ACB9F358F996C6AFD1B,VTS,1.0,,,,2.0,,,,,,
EA7A8D6A34027764AD12DC231FEFD5A1,,,,,2013/8/30 06:51,2013/8/30 06:55,,240.0,0.85,-73.885963,40.858971,-73.899994,40.862415,True,D8DE53646E4177C215D3770D879EE937,VTS,1.0,,,,1.0,,,,,,
4889838C96CCEAA292A50545290952EE,,,,,2013/8/3 18:02,2013/8/3 18:19,,1053.0,2.6,-73.88073,40.861313,-73.920853,40.867783,True,2590E9295518F0F96A0C572356F31ACE,CMT,1.0,N,,,3.0,,,,,,
C7297830FEB293174D6B908E7B2C05C6,,,,,2013/8/3 05:07,2013/8/3 05:10,,189.0,0.7,-73.88311,40.855064,-73.872002,40.854053,True,BD8E2DD55049A8062D2779C292CF8C99,CMT,2.0,N,,,2.0,,,,,,
51E5E3D82D4300709A54C79EE723EB49,,,,,2013/8/17 03:21,2013/8/17 03:27,,371.0,2.0,-73.886581,40.85495,-73.904594,40.843422,True,73E19C90C0AD59C450D3377BBA471E89,CMT,1.0,N,,,1.0,,,,,,
EB14D5E8DDC5C3699D83D6557FC0429D,,,,,2013/8/16 03:47,2013/8/16 03:53,,355.0,1.0,-73.878204,40.855743,-73.902344,40.861263,True,47F9F70D5CAF4E0C920E8447BD7A949F,CMT,1.0,N,,,1.0,,,,,,
B2A23B78DA7C84A229AF5932A286778C,,,,,2013/8/25 19:29,2013/8/25 19:30,,38.0,0.0,-73.885887,40.857502,-73.885887,40.857502,True,0E9ECA76F6B8C5650CBF5B5DA523BAC8,CMT,5.0,N,,,1.0,,,,,,
11268C718C5301D49B099689E1DCACA6,,,,,2013/8/24 04:13,2013/8/24 04:24,,689.0,3.0,-73.883514,40.85397,-73.892471,40.882618,True,B4BEA054C63A0897CFC8478E1623E50B,CMT,1.0,N,,,1.0,,,,,,
14D8F54D4F64DB9B8C4D79EBC2DA8218,,,,,2013/8/29 09:38,2013/8/29 09:48,,603.0,3.9,-73.884644,40.858307,-73.900505,40.827785,True,2FCD02E6B01740C50AF0D73822364E5D,CMT,1.0,N,,,1.0,,,,,,
A7BC00CACE0850AE63633ED7950F1082,,,,,2013/8/31 11:52,2013/8/31 12:01,,545.0,3.3,-73.886169,40.856152,-73.88372,40.88036,True,10B4B7B57C6B055F628065BEB84538D5,CMT,1.0,N,,,2.0,,,,,,
DD69783CF7F27E3285EFDFE851617455,,,,,2013/8/31 21:32,2013/8/31 21:34,,71.0,0.3,-73.884613,40.858044,-73.890099,40.861115,True,6951EDDB436ABAB1026DD0BC42758037,CMT,1.0,N,,,1.0,,,,,,
131F6A1E6ECC401E4BC75B4D4FC4E9D0,,,,,2013/8/10 14:57,2013/8/10 15:21,,1440.0,8.87,-73.880753,40.861721,-73.928513,40.824669,True,B78BED24C13B1E5CE790A46C7261AB4F,VTS,1.0,,,,1.0,,,,,,
842EFEB7B0FB42096D2CF52C15660755,,,,,2013/8/10 18:47,2013/8/10 18:51,,240.0,1.4,-73.883026,40.8634,-73.875893,40.859653,True,E599A5D441F26643D85C3D16FBAEE33F,VTS,1.0,,,,1.0,,,,,,
94EC93A6126179AF6FF8738E28A263D2,,,,,2013/8/11 03:21,2013/8/11 03:25,,240.0,0.47,-73.885445,40.859352,-73.888603,40.857185,True,FA9BCE22C795FA45076E57DF76B32507,VTS,1.0,,,,6.0,,,,,,
A2B97CECFEA4C8DE45D8FC251E80AF1D,,,,,2013/9/15 00:50,2013/9/15 00:57,,420.0,1.22,-73.886665,40.856636,-73.89959,40.862274,True,68AE01DDBDEDDFF772905561744A1072,VTS,1.0,,,,2.0,,,,,,
D4C79D641B1776F7AFC372C30309DE97,,,,,2013/9/15 03:50,2013/9/15 03:55,,300.0,1.28,-73.885895,40.857384,-73.899734,40.857887,True,03E26D2F49ACA1F3A32D5C05975941B5,VTS,1.0,,,,1.0,,,,,,
447F77EFBBD1A01691AF050D747745D6,,,,,2013/9/27 08:59,2013/9/27 09:20,,1260.0,4.37,-73.882263,40.851604,-73.926788,40.820045,True,3A490CA722D06BBE968793182533D9C9,VTS,1.0,,,,2.0,,,,,,
1BF29E6BF0CD0FC4367B3C4FBC3C6209,,,,,2013/9/15 05:04,2013/9/15 05:06,,115.0,0.4,-73.881958,40.857288,-73.888039,40.857555,True,448B8B911B7053901820257C6D98DC5A,CMT,1.0,N,,,1.0,,,,,,
794899BCEA3F493D638AEE07E1613DE7,,,,,2013/9/15 01:14,2013/9/15 01:20,,397.0,1.5,-73.881058,40.85556,-73.897614,40.847027,True,DCDA953CBE8BD9F5D5F56FD44EF1A74B,CMT,1.0,N,,,1.0,,,,,,
50DA72F510E2F84A42712E13744FAC7B,,,,,2013/9/22 06:12,2013/9/22 06:14,,125.0,0.8,-73.875374,40.855793,-73.889969,40.861095,True,EA9D03A766C1D32A6668FFF0C1EB4E4B,CMT,1.0,Y,,,1.0,,,,,,
B198291108B2CD6057094CE67EBC305F,,,,,2013/9/29 08:05,2013/9/29 08:06,,69.0,0.0,-73.88533,40.851086,-73.885353,40.851078,True,829BD12DDAA723B70C6019DC7BEBA0C2,CMT,1.0,N,,,1.0,,,,,,
44D0BCB7CC7BF149FD55901023D472AB,,,,,2013/9/27 04:20,2013/9/27 04:33,,741.0,3.5,-73.882172,40.853504,-73.909302,40.87439,True,F051238AE9EF6EE48C5DE7838212F7F8,CMT,1.0,N,,,1.0,,,,,,
75492634DA43822FF364AEEECF81DB9F,,,,,2013/9/1 05:14,2013/9/1 05:23,,540.0,2.39,-73.885864,40.858776,-73.894882,40.83215,True,F14FCE589B265D62A37E3BD7570E8647,VTS,1.0,,,,1.0,,,,,,
2E34B3CAEB763EA98BAA700EFFC78E3D,,,,,2013/9/1 22:47,2013/9/1 22:49,,120.0,0.94,-73.881287,40.86132,-73.869781,40.856693,True,CDA25C19E899F6A0221B7365C8AF0EAB,VTS,1.0,,,,2.0,,,,,,
B73B8C7B56FD6C1408DCE3D487132D0A,,,,,2013/9/2 14:10,2013/9/2 14:11,,60.0,0.02,-73.88456,40.854225,-73.884247,40.854122,True,7AC5532819D8FED5354FD5F30305EEDF,VTS,1.0,,,,5.0,,,,,,
DDC8665BFAD13659EAA8A39020420C43,,,,,2013/9/2 08:42,2013/9/2 08:44,,120.0,0.04,-73.884537,40.858002,-73.888451,40.856026,True,5F41911F4634BD0CD60122DE67400B90,VTS,1.0,,,,1.0,,,,,,
94FE82D21459F230224399EAB8395C10,,,,,2013/9/28 15:41,2013/9/28 16:00,,1140.0,3.48,-73.885841,40.858864,-73.903641,40.887691,True,58CFE7D89EA55662AB71D8AA18BCB990,VTS,1.0,,,,3.0,,,,,,
C88A4BA5F2F086F9C1967501C30C52EF,,,,,2013/9/28 18:46,2013/9/28 18:51,,300.0,1.63,-73.88073,40.861256,-73.876038,40.859612,True,E6ED90F05F114BAF0642E00690F4B0CC,VTS,1.0,,,,1.0,,,,,,
0E1DBB68725F8E2F36BCF596C2719561,,,,,2013/10/12 08:00,2013/10/12 08:00,,18.0,0.0,-73.880745,40.861286,-73.880753,40.86129,True,E8FD87E427302251F4DE131642BDA5FC,CMT,1.0,N,,,1.0,,,,,,
0E1DBB68725F8E2F36BCF596C2719561,,,,,2013/10/12 08:07,2013/10/12 08:07,,15.0,0.0,-73.880768,40.861286,-73.880768,40.861286,True,E8FD87E427302251F4DE131642BDA5FC,CMT,1.0,N,,,1.0,,,,,,
292BEF6413676773D0DBE0E0DCAFBDAE,,,,,2013/10/7 19:02,2013/10/7 19:20,,1085.0,3.2,-73.884201,40.854527,-73.90036,40.818821,True,4F37DFD2C38D380BA8AEBD3EFACB4D4E,CMT,1.0,N,,,1.0,,,,,,
8B92CB499DFC80FC3422BC4A05BFA582,,,,,2013/10/8 01:02,2013/10/8 01:02,,461.0,1.3,-73.884224,40.856483,-73.884224,40.856483,True,217622C8CAF6C45CB026B087DECC76F9,CMT,1.0,Y,,,1.0,,,,,,
7102C7D6F412C01093A506B97DA74DC6,,,,,2013/10/17 20:03,2013/10/17 20:18,,856.0,1.8,-73.884422,40.854309,-73.899178,40.860828,True,B56087003C3659C8F03183906BA3E4BD,CMT,1.0,N,,,1.0,,,,,,
2C096AE6C16398D7D2C1754901310D48,,,,,2013/10/14 02:43,2013/10/14 02:45,,119.0,0.0,-73.885887,40.857433,-73.885887,40.857441,True,6E3A6E3D5D610C6AF578C48B2AD7C516,CMT,5.0,N,,,1.0,,,,,,
A977D837D54F55D89690F2F9ED2F29AD,,,,,2013/10/16 10:40,2013/10/16 10:50,,581.0,1.1,-73.878586,40.855396,-73.875381,40.854683,True,BD88C288BE7C71CB400CFC9CAA2A65DC,CMT,1.0,N,,,1.0,,,,,,
A977D837D54F55D89690F2F9ED2F29AD,,,,,2013/10/16 11:01,2013/10/16 11:02,,39.0,0.0,-73.875229,40.854465,-73.875351,40.854275,True,BD88C288BE7C71CB400CFC9CAA2A65DC,CMT,1.0,N,,,1.0,,,,,,
A977D837D54F55D89690F2F9ED2F29AD,,,,,2013/10/16 14:24,2013/10/16 15:26,,3728.0,18.2,-73.875938,40.85434,-73.857635,40.848152,True,BD88C288BE7C71CB400CFC9CAA2A65DC,CMT,2.0,N,,,2.0,,,,,,
A977D837D54F55D89690F2F9ED2F29AD,,,,,2013/10/16 10:58,2013/10/16 10:59,,100.0,0.3,-73.875298,40.854027,-73.875847,40.854046,True,BD88C288BE7C71CB400CFC9CAA2A65DC,CMT,1.0,N,,,2.0,,,,,,
CED9ABEECC3CB98C0229AF973D754677,,,,,2013/10/15 02:48,2013/10/15 02:55,,449.0,2.7,-73.88446,40.858112,-73.845215,40.867798,True,55CA3B5E203676B562AD8CE5D351517C,CMT,1.0,N,,,2.0,,,,,,
A977D837D54F55D89690F2F9ED2F29AD,,,,,2013/10/16 10:51,2013/10/16 10:55,,271.0,0.8,-73.875397,40.854683,-73.87542,40.854229,True,BD88C288BE7C71CB400CFC9CAA2A65DC,CMT,1.0,N,,,1.0,,,,,,
6FB9F4DDA5E81308EE366E6D51BF099B,,,,,2013/10/14 14:17,2013/10/14 14:24,,370.0,1.2,-73.880569,40.860935,-73.865395,40.856689,True,058C765A7F69F442B1D2DE174EBF37F9,CMT,1.0,N,,,1.0,,,,,,
B37E96EE934070F9DA25CD5E60397ABF,,,,,2013/10/17 05:40,2013/10/17 05:43,,198.0,0.8,-73.886894,40.859444,-73.900589,40.862656,True,F9EA27B60ABA44297F7186AA9FB81D4A,CMT,1.0,N,,,1.0,,,,,,
A9E41A27FBC78D7E8A0FF380DB85D218,,,,,2013/10/27 22:08,2013/10/27 22:12,,233.0,0.6,-73.886429,40.859032,-73.886429,40.859032,True,A2E5C6F2BFC17DC142B9DC0BE720CB68,CMT,1.0,N,,,1.0,,,,,,
2BEE669E89466CB80465D4862E9FA0ED,,,,,2013/10/25 22:42,2013/10/25 22:47,,303.0,2.0,-73.886261,40.85862,-73.875389,40.837627,True,E8ED19EC6BC6C67D2EDE764560F139DE,CMT,1.0,N,,,1.0,,,,,,
62A9741FAFBF7A57E1E3AB673529B45E,,,,,2013/10/25 02:36,2013/10/25 02:39,,169.0,0.4,-73.886871,40.853214,-73.886154,40.850639,True,7F99305EDF386DFC8ADF108AD6E95F47,CMT,1.0,N,,,1.0,,,,,,
A9E41A27FBC78D7E8A0FF380DB85D218,,,,,2013/10/27 20:56,2013/10/27 21:00,,213.0,0.7,-73.886429,40.859032,-73.886429,40.859032,True,A2E5C6F2BFC17DC142B9DC0BE720CB68,CMT,1.0,N,,,1.0,,,,,,
A9E41A27FBC78D7E8A0FF380DB85D218,,,,,2013/10/27 21:09,2013/10/27 21:20,,609.0,2.2,-73.886429,40.859032,-73.886429,40.859032,True,A2E5C6F2BFC17DC142B9DC0BE720CB68,CMT,1.0,N,,,1.0,,,,,,
A9E41A27FBC78D7E8A0FF380DB85D218,,,,,2013/10/27 21:51,2013/10/27 21:56,,349.0,1.1,-73.886429,40.859032,-73.886429,40.859032,True,A2E5C6F2BFC17DC142B9DC0BE720CB68,CMT,1.0,N,,,1.0,,,,,,
A9E41A27FBC78D7E8A0FF380DB85D218,,,,,2013/10/27 22:55,2013/10/27 23:05,,613.0,2.7,-73.886429,40.859032,-73.886429,40.859032,True,A2E5C6F2BFC17DC142B9DC0BE720CB68,CMT,1.0,N,,,1.0,,,,,,
A9E41A27FBC78D7E8A0FF380DB85D218,,,,,2013/10/27 20:41,2013/10/27 20:55,,810.0,3.6,-73.886429,40.859032,-73.886429,40.859032,True,A2E5C6F2BFC17DC142B9DC0BE720CB68,CMT,1.0,N,,,1.0,,,,,,
A9E41A27FBC78D7E8A0FF380DB85D218,,,,,2013/10/27 22:26,2013/10/27 22:31,,285.0,1.3,-73.886429,40.859032,-73.886429,40.859032,True,A2E5C6F2BFC17DC142B9DC0BE720CB68,CMT,1.0,N,,,1.0,,,,,,
A9E41A27FBC78D7E8A0FF380DB85D218,,,,,2013/10/27 23:15,2013/10/27 23:37,,1344.0,11.1,-73.886429,40.859032,-73.886429,40.859032,True,A2E5C6F2BFC17DC142B9DC0BE720CB68,CMT,1.0,N,,,1.0,,,,,,
A9E41A27FBC78D7E8A0FF380DB85D218,,,,,2013/10/27 21:31,2013/10/27 21:40,,530.0,1.3,-73.886429,40.859032,-73.886429,40.859032,True,A2E5C6F2BFC17DC142B9DC0BE720CB68,CMT,1.0,N,,,1.0,,,,,,
A9E41A27FBC78D7E8A0FF380DB85D218,,,,,2013/10/27 22:31,2013/10/27 22:43,,704.0,6.7,-73.886429,40.859032,-73.886429,40.859032,True,A2E5C6F2BFC17DC142B9DC0BE720CB68,CMT,1.0,N,,,1.0,,,,,,
A9E41A27FBC78D7E8A0FF380DB85D218,,,,,2013/10/28 00:46,2013/10/28 00:52,,369.0,1.7,-73.886429,40.859032,-73.886429,40.859032,True,A2E5C6F2BFC17DC142B9DC0BE720CB68,CMT,1.0,N,,,1.0,,,,,,
3CDA5EDA28622E264E004D4A51A2B9A8,,,,,2013/10/28 17:09,2013/10/28 17:15,,359.0,1.0,-73.884003,40.858612,-73.883545,40.867477,True,9605BC29F3C4DCCB5E855F2A499FE905,CMT,1.0,N,,,1.0,,,,,,
A9E41A27FBC78D7E8A0FF380DB85D218,,,,,2013/10/28 00:20,2013/10/28 00:33,,827.0,4.0,-73.886429,40.859032,-73.886429,40.859032,True,A2E5C6F2BFC17DC142B9DC0BE720CB68,CMT,1.0,N,,,1.0,,,,,,
DDB3F3E0172B1FBF0C9E39CA773CC6E3,,,,,2013/10/6 00:29,2013/10/6 00:48,,1176.0,9.1,-73.886116,40.858276,-73.882263,40.867222,True,979AC98DA9429707B4F548B97F9E59A4,CMT,1.0,N,,,1.0,,,,,,
848AC8C699E0BE2A7A04605006116745,,,,,2013/10/6 20:51,2013/10/6 20:59,,480.0,1.71,-73.885315,40.858463,-73.855873,40.858997,True,C6C54D46C2272CD5C69BD2E6502B5D1C,VTS,1.0,,,,1.0,,,,,,
ED3A53004CF2FADD388B48627ACDB87D,,,,,2013/10/4 08:44,2013/10/4 08:56,,720.0,1.71,-73.8862,40.859089,-73.912285,40.859268,True,376BD7BD9CCFD415A7108620C682E87C,VTS,1.0,,,,2.0,,,,,,
4D5A1D2C01C93F3BF1BEE4F4F241153C,,,,,2013/10/12 06:32,2013/10/12 06:43,,660.0,4.55,-73.880722,40.856396,-73.887856,40.812202,True,79E644B2EDC28F5ACDB22BBA382EBB7F,VTS,1.0,,,,1.0,,,,,,
65C6171C49705F67A5C1037F34A37B15,,,,,2013/10/13 03:32,2013/10/13 03:37,,300.0,1.23,-73.885406,40.85862,-73.900848,40.868252,True,68DAEEE6A0BF053BD22DAB618A08AC86,VTS,1.0,,,,1.0,,,,,,
F15B9575033DDAD9851DDDCC0E1353B1,,,,,2013/10/17 12:57,2013/10/17 13:09,,720.0,2.07,-73.883102,40.857788,-73.879593,40.879757,True,4CFF5001E62EA3C42272CF90DA57B4C2,VTS,1.0,,,,1.0,,,,,,
9301DB0487CE4D8E54E05FF463FC8EA6,,,,,2013/10/18 13:25,2013/10/18 13:34,,540.0,0.65,-73.880844,40.859333,-73.889786,40.860981,True,84CB5944A25C2E87A2F102C13341770A,VTS,1.0,,,,6.0,,,,,,
0200040947E2B1D081AF8F007C161F04,,,,,2013/10/19 08:28,2013/10/19 08:34,,360.0,1.65,-73.884926,40.855503,-73.863579,40.864574,True,C2C5250BCDCD831A2582A25960419665,VTS,1.0,,,,3.0,,,,,,
96747A174B16F9DECC6ED1B4FA3CF919,,,,,2013/10/26 04:08,2013/10/26 04:12,,240.0,0.5,-73.886986,40.85873,-73.884056,40.858528,True,EEE20A34D94EAE154BED206F98A19517,VTS,1.0,,,,1.0,,,,,,
9E28C3598E3575951F8AD16241E5B874,,,,,2013/10/26 16:56,2013/10/26 17:02,,360.0,1.05,-73.880463,40.862083,-73.86908,40.856838,True,0AD9418CD28ADD6707DD4854178722B5,VTS,1.0,,,,2.0,,,,,,
6902E3F375899EAFC50A40DBD191D340,,,,,2013/10/27 14:27,2013/10/27 14:43,,960.0,7.6,-73.880783,40.861214,-73.92907,40.864597,True,0F51E0C88BD265002475FF9E88A02D13,VTS,1.0,,,,1.0,,,,,,
15C2BDB751FEEC4CB25376535BB2E515,,,,,2013/10/28 23:45,2013/10/28 23:45,,0.0,0.0,-73.88446,40.856606,-73.88446,40.856606,True,9160A49508C287D4F138DAD8CC6396E4,VTS,5.0,,,,1.0,,,,,,
D80FD255D1921207A256F30136F4DBB2,,,,,2013/10/31 00:08,2013/10/31 00:53,,2700.0,2.54,-73.882141,40.851955,-73.882294,40.85136,True,86E010F890E268A42718853B5BC129CF,VTS,5.0,,,,1.0,,,,,,
BFDB127905EA1571011295DE03FA2B59,,,,,2013/10/5 08:09,2013/10/5 08:10,,60.0,0.2,-73.886826,40.859352,-73.890007,40.860996,True,86CDD96D28B35E46C98985A5C2D5E22F,CMT,1.0,N,,,1.0,,,,,,
25E6F4366BB2FE32AE402B26192DD96C,,,,,2013/10/4 07:59,2013/10/4 08:06,,441.0,1.3,-73.880524,40.860737,-73.881363,40.8661,True,6E11EF803E45C5435D601816F2188091,CMT,1.0,N,,,1.0,,,,,,
9469A9B2F3F7CE6268CB44E9152C6763,,,,,2013/10/5 05:00,2013/10/5 05:07,,400.0,1.3,-73.883644,40.85405,-73.900688,40.862736,True,74048634A03EC016E4517066AA9FE793,CMT,1.0,N,,,1.0,,,,,,
EA9F5D86157D5D84BBEFA1BDF3905807,,,,,2013/10/6 08:14,2013/10/6 08:24,,611.0,1.3,-73.885216,40.854374,-73.900078,40.862465,True,9B594C3DB1C7F8A83FEC52E39E5CC179,CMT,1.0,N,,,1.0,,,,,,
58E8476BA62789D02A780ACB7699223B,,,,,2013/11/11 00:02,2013/11/11 00:08,,360.0,1.85,-73.8843,40.858135,-73.855904,40.860687,True,0A76163D612D941EB37AA86DDBA373A7,VTS,1.0,,,,2.0,,,,,,
E5B70E847C120AC30EDA169887E95B61,,,,,2013/11/11 19:20,2013/11/11 19:21,,60.0,0.0,-73.882652,40.860161,-73.882675,40.860111,True,EEC8C7E79C3120D32FDDD4B9D8C7FB7D,VTS,2.0,,,,1.0,,,,,,
FB92F691B7E933E6462788B10939F757,,,,,2013/11/17 13:29,2013/11/17 13:35,,360.0,0.88,-73.880547,40.862164,-73.889091,40.853855,True,112771253520CA9F30776AB5C3794AAB,VTS,1.0,,,,1.0,,,,,,
99F054D1DBC68AA8188E60B3218A03E5,,,,,2013/11/15 00:32,2013/11/15 00:34,,120.0,0.62,-73.885567,40.85857,-73.884209,40.852451,True,4FD52BBA2025E710407E254C87E33320,VTS,1.0,,,,1.0,,,,,,
065C6702271E0D2EC8F00FD2933E7A0D,,,,,2013/11/15 14:29,2013/11/15 14:44,,900.0,1.54,-73.885323,40.858578,-73.904877,40.852695,True,0208377F3D317603E171D85039F4C74D,VTS,1.0,,,,1.0,,,,,,
5EB675A89DE55533C47AAB7411ED397A,,,,,2013/11/16 18:31,2013/11/16 18:44,,780.0,5.16,-73.880577,40.861149,-73.836929,40.817196,True,4AE8D1594ED17EEDB71034701C362F58,VTS,1.0,,,,1.0,,,,,,
0640F300788894DCD2E5DE1D65694F4A,,,,,2013/11/23 03:04,2013/11/23 03:21,,1020.0,7.32,-73.886803,40.858944,-73.8013,40.8092,True,6D05D4624F2D09A6C776C2ED82E1709D,VTS,1.0,,,,1.0,,,,,,
F49C278E31F8B20D8FC85DB014A1EF43,,,,,2013/11/24 16:51,2013/11/24 16:55,,240.0,1.0,-73.88401,40.856102,-73.870857,40.856644,True,B446A1845148EE28DAD4E11AC59533F9,VTS,1.0,,,,1.0,,,,,,
121FF26EFEDBE1B5160DACD787A6B5EF,,,,,2013/11/24 21:15,2013/11/24 21:19,,240.0,1.02,-73.880959,40.85688,-73.865578,40.859627,True,BBACEE2F3D15666652AE154F60AF7550,VTS,1.0,,,,1.0,,,,,,
44D0ED137ADA1F68D07DCAF4D1BC3ABD,,,,,2013/11/22 04:48,2013/11/22 04:50,,120.0,0.68,-73.886101,40.858986,-73.895622,40.86227,True,942E9D0571DBA06B2EC28566F3CC0017,VTS,1.0,,,,3.0,,,,,,
AB6ED43D7295CFC950A8133CBCAF40FB,,,,,2013/11/1 01:05,2013/11/1 01:14,,540.0,1.89,-73.881096,40.855618,-73.869057,40.836811,True,FBA70DCBEA10473EC7CED40139A054F5,VTS,1.0,,,,2.0,,,,,,
F86299BD8DF9B0C90A4E20AD2A44EAF7,,,,,2013/11/1 00:24,2013/11/1 03:04,,9600.0,13.32,-73.885414,40.856876,-73.884361,40.857231,True,9F90779F3F1CD7339ED858178B527438,VTS,1.0,,,,1.0,,,,,,
C21BAE5D555D6E11B2F2CFB207FF9D4B,,,,,2013/11/2 14:21,2013/11/2 14:29,,480.0,1.27,-73.882149,40.862053,-73.882149,40.862053,True,26B2835576E264885177CD7B0EFFEFCB,VTS,1.0,,,,1.0,,,,,,
B87ED7DBFF0A0F1A02BD383D35A22A4B,,,,,2013/11/10 00:31,2013/11/10 00:31,,42.0,0.0,-73.885521,40.855789,-73.885521,40.855789,True,B75AE4CB5ABD9217D2E1C342B8DE07EE,CMT,5.0,N,,,1.0,,,,,,
87077D0B254D4966BE39E9D973D603C6,,,,,2013/11/10 12:07,2013/11/10 12:07,,52.0,3.0,-73.886742,40.857849,-73.886749,40.857826,True,4D7579A8DB8433B5B0F83ED294566AF3,CMT,5.0,N,,,2.0,,,,,,
9D8956B5E783B0C2BC4C4142A00E59AF,,,,,2013/11/17 05:58,2013/11/17 05:59,,77.0,0.1,-73.881004,40.857933,-73.880394,40.856667,True,0C8AE20F1FD23DAA9854AB1F0B064A63,CMT,5.0,N,,,2.0,,,,,,
D7479C954DF136B1545CBF8491361A8D,,,,,2013/11/17 03:12,2013/11/17 03:15,,214.0,2.5,-73.884422,40.858051,-73.868134,40.877438,True,F801CDC648A484E87540694FAA2D6DC3,CMT,1.0,N,,,1.0,,,,,,
2D36992248D1047DDF56EBECBF9316D6,,,,,2013/11/17 00:47,2013/11/17 00:51,,245.0,0.8,-73.885689,40.857819,-73.896805,40.862549,True,866BE869B6A2513D8DF4510AE9B86C7F,CMT,1.0,N,,,1.0,,,,,,
11DE8F5D4F044F2BFD18DFB8E2874D30,,,,,2013/11/17 17:30,2013/11/17 17:34,,257.0,1.1,-73.884644,40.857903,-73.902107,40.864525,True,DFC2FCB2C9BFCD12915648D59CEE8747,CMT,1.0,N,,,1.0,,,,,,
DE6F8BF4F5255C2DD1F99243DB8DC991,,,,,2013/11/24 03:55,2013/11/24 04:04,,548.0,2.1,-73.881584,40.853813,-73.883957,40.880424,True,6CFF6FA1859C44AC4D4306CD519F56BF,CMT,1.0,Y,,,1.0,,,,,,
0CD69A4C024D9136F1B56723F1CAF808,,,,,2013/11/30 09:03,2013/11/30 09:18,,900.0,5.08,-73.886276,40.858948,-73.921082,40.842113,True,18DC3F04D247D78DCC413A167FC88ECF,VTS,1.0,,,,2.0,,,,,,
3DEAFFEEE06761D818A955BA7D270DB3,,,,,2013/12/7 13:11,2013/12/7 13:18,,420.0,1.39,-73.880859,40.861568,-73.90065,40.86264,True,10798723A7D41A18CBCACA213049CFD7,VTS,1.0,,,,3.0,,,,,,
2E34B3CAEB763EA98BAA700EFFC78E3D,,,,,2013/12/10 19:26,2013/12/10 19:47,,1260.0,0.71,-73.884018,40.864677,-73.880714,40.856377,True,CDA25C19E899F6A0221B7365C8AF0EAB,VTS,1.0,,,,2.0,,,,,,
1C8ADF747EB27F621D10C184B3CC7A01,,,,,2013/12/14 20:50,2013/12/14 20:57,,420.0,0.85,-73.880592,40.861977,-73.888161,40.854881,True,911299BE5F3FF1DFD6E3F4BFEACB6E26,VTS,1.0,,,,1.0,,,,,,
C841CDD9EC7995E8812BC04BFB59190D,,,,,2013/12/16 08:48,2013/12/16 09:27,,2340.0,12.39,-73.880775,40.856617,-73.880493,40.862057,True,A20923BF937BDF0651319877696E012D,VTS,1.0,,,,1.0,,,,,,
2E34B3CAEB763EA98BAA700EFFC78E3D,,,,,2013/12/18 13:40,2013/12/18 14:05,,1500.0,4.15,-73.882759,40.862797,-73.845078,40.832695,True,CDA25C19E899F6A0221B7365C8AF0EAB,VTS,1.0,,,,2.0,,,,,,
A4AAADCE2C0EF86ECA81EC64A56CF543,,,,,2013/12/24 09:45,2013/12/24 10:17,,1920.0,11.87,-73.882393,40.857304,-73.881195,40.861549,True,2D2CF56B35716D1AC18934BBEF4B8135,VTS,1.0,,,,5.0,,,,,,
E3BE706403627C3D4BF57BB0224067C0,,,,,2013/12/25 00:54,2013/12/25 00:54,,0.0,0.3,-73.88559,40.858433,-73.88559,40.858433,True,E1350EF5DD49EE4BF892435323970FB0,VTS,5.0,,,,1.0,,,,,,
ED7DCB3ED07F37CB36A3F9893D62176E,,,,,2013/12/24 21:31,2013/12/24 21:48,,1020.0,3.95,-73.877106,40.855366,-73.880844,40.870518,True,98F9A6C2B9D08D586B4D7AF14049E708,VTS,1.0,,,,1.0,,,,,,
49963A8A8D69108AB338670BAFB94B0A,,,,,2013/12/24 23:39,2013/12/24 23:45,,372.0,2.6,-73.881081,40.855633,-73.864861,40.875885,True,D6116EDB98FE3523295A279663A594BB,CMT,1.0,N,,,1.0,,,,,,
BB6A54854825A93F93098BED5DF74462,,,,,2013/12/26 11:31,2013/12/26 11:44,,774.0,1.5,-73.88549,40.858707,-73.886177,40.874966,True,8964C98724DA5E6D6AC62442F4C4728F,CMT,1.0,N,,,1.0,,,,,,
F3E2FC48C5A14BACE539216837A8AB86,,,,,2013/12/28 05:08,2013/12/28 05:10,,143.0,0.7,-73.884636,40.858456,-73.896675,40.862473,True,2142A3A40E7554B7497177F0D8BEEBCB,CMT,1.0,N,,,1.0,,,,,,
4945D90EF633B4E63019BC2CD89DAEB8,,,,,2013/12/30 02:43,2013/12/30 02:50,,425.0,1.8,-73.873436,40.856918,-73.873436,40.856918,True,204BD6364325CD98D75215F52C5E7E6D,CMT,1.0,N,,,1.0,,,,,,
4945D90EF633B4E63019BC2CD89DAEB8,,,,,2013/12/30 09:01,2013/12/30 09:28,,1580.0,4.6,-73.873436,40.856918,-73.873436,40.856918,True,90C81017C00793355D879732987E5C0A,CMT,1.0,N,,,1.0,,,,,,
4945D90EF633B4E63019BC2CD89DAEB8,,,,,2013/12/30 06:13,2013/12/30 06:20,,440.0,1.8,-73.873436,40.856918,-73.873436,40.856918,True,90C81017C00793355D879732987E5C0A,CMT,1.0,N,,,1.0,,,,,,
4945D90EF633B4E63019BC2CD89DAEB8,,,,,2013/12/30 05:13,2013/12/30 05:22,,553.0,3.4,-73.873436,40.856918,-73.873436,40.856918,True,204BD6364325CD98D75215F52C5E7E6D,CMT,1.0,N,,,1.0,,,,,,
4945D90EF633B4E63019BC2CD89DAEB8,,,,,2013/12/30 08:14,2013/12/30 08:20,,403.0,1.5,-73.873436,40.856918,-73.873436,40.856918,True,90C81017C00793355D879732987E5C0A,CMT,1.0,N,,,1.0,,,,,,
4945D90EF633B4E63019BC2CD89DAEB8,,,,,2013/12/30 12:03,2013/12/30 12:23,,1191.0,4.0,-73.873436,40.856918,-73.873436,40.856918,True,90C81017C00793355D879732987E5C0A,CMT,1.0,Y,,,2.0,,,,,,
4945D90EF633B4E63019BC2CD89DAEB8,,,,,2013/12/30 09:33,2013/12/30 09:50,,976.0,2.9,-73.873436,40.856918,-73.873436,40.856918,True,90C81017C00793355D879732987E5C0A,CMT,1.0,N,,,2.0,,,,,,
4945D90EF633B4E63019BC2CD89DAEB8,,,,,2013/12/30 11:24,2013/12/30 11:48,,1443.0,4.4,-73.873436,40.856918,-73.873436,40.856918,True,90C81017C00793355D879732987E5C0A,CMT,1.0,N,,,1.0,,,,,,
4945D90EF633B4E63019BC2CD89DAEB8,,,,,2013/12/30 10:22,2013/12/30 10:27,,302.0,0.9,-73.873436,40.856918,-73.873436,40.856918,True,90C81017C00793355D879732987E5C0A,CMT,1.0,N,,,1.0,,,,,,
4945D90EF633B4E63019BC2CD89DAEB8,,,,,2013/12/30 07:28,2013/12/30 07:36,,477.0,1.2,-73.873436,40.856918,-73.873436,40.856918,True,90C81017C00793355D879732987E5C0A,CMT,1.0,N,,,1.0,,,,,,
4945D90EF633B4E63019BC2CD89DAEB8,,,,,2013/12/30 14:02,2013/12/30 14:19,,1027.0,1.2,-73.873436,40.856918,-73.873436,40.856918,True,90C81017C00793355D879732987E5C0A,CMT,1.0,N,,,1.0,,,,,,
4945D90EF633B4E63019BC2CD89DAEB8,,,,,2013/12/31 07:18,2013/12/31 07:19,,97.0,0.7,-73.873436,40.856918,-73.873436,40.856918,True,106B3A0124118401F4795EB8AAA1372E,CMT,1.0,N,,,1.0,,,,,,
4945D90EF633B4E63019BC2CD89DAEB8,,,,,2013/12/31 07:24,2013/12/31 07:32,,490.0,1.7,-73.873436,40.856918,-73.873436,40.856918,True,106B3A0124118401F4795EB8AAA1372E,CMT,1.0,N,,,1.0,,,,,,
4945D90EF633B4E63019BC2CD89DAEB8,,,,,2013/12/31 00:59,2013/12/31 01:21,,1276.0,5.6,-73.873436,40.856918,-73.873436,40.856918,True,204BD6364325CD98D75215F52C5E7E6D,CMT,1.0,N,,,2.0,,,,,,
4945D90EF633B4E63019BC2CD89DAEB8,,,,,2013/12/31 02:09,2013/12/31 02:18,,543.0,1.4,-73.873436,40.856918,-73.873436,40.856918,True,204BD6364325CD98D75215F52C5E7E6D,CMT,1.0,N,,,1.0,,,,,,
4945D90EF633B4E63019BC2CD89DAEB8,,,,,2013/12/31 00:46,2013/12/31 00:52,,323.0,1.3,-73.873436,40.856918,-73.873436,40.856918,True,204BD6364325CD98D75215F52C5E7E6D,CMT,1.0,N,,,1.0,,,,,,
4945D90EF633B4E63019BC2CD89DAEB8,,,,,2013/12/31 10:57,2013/12/31 11:08,,688.0,3.1,-73.873436,40.856918,-73.873436,40.856918,True,106B3A0124118401F4795EB8AAA1372E,CMT,1.0,N,,,1.0,,,,,,
4945D90EF633B4E63019BC2CD89DAEB8,,,,,2013/12/31 06:57,2013/12/31 07:06,,528.0,2.0,-73.873436,40.856918,-73.873436,40.856918,True,106B3A0124118401F4795EB8AAA1372E,CMT,1.0,N,,,1.0,,,,,,
4945D90EF633B4E63019BC2CD89DAEB8,,,,,2013/12/31 09:44,2013/12/31 09:55,,656.0,2.6,-73.873436,40.856918,-73.873436,40.856918,True,106B3A0124118401F4795EB8AAA1372E,CMT,1.0,N,,,1.0,,,,,,
4945D90EF633B4E63019BC2CD89DAEB8,,,,,2013/12/31 11:36,2013/12/31 11:39,,160.0,0.5,-73.873436,40.856918,-73.873436,40.856918,True,106B3A0124118401F4795EB8AAA1372E,CMT,1.0,N,,,1.0,,,,,,
4945D90EF633B4E63019BC2CD89DAEB8,,,,,2013/12/31 11:58,2013/12/31 12:08,,593.0,2.8,-73.873436,40.856918,-73.873436,40.856918,True,106B3A0124118401F4795EB8AAA1372E,CMT,1.0,N,,,2.0,,,,,,
29A25AEC480AEF1AFC7F00818D3A3FF5,,,,,2013/12/31 22:43,2013/12/31 22:52,,560.0,4.4,-73.88176,40.853348,-73.858925,40.812328,True,C31309FBC712658C5E42537A123430F5,CMT,1.0,N,,,2.0,,,,,,
4945D90EF633B4E63019BC2CD89DAEB8,,,,,2013/12/30 07:04,2013/12/30 07:11,,392.0,1.8,-73.873436,40.856918,-73.873436,40.856918,True,90C81017C00793355D879732987E5C0A,CMT,1.0,N,,,1.0,,,,,,
4945D90EF633B4E63019BC2CD89DAEB8,,,,,2013/12/30 04:31,2013/12/30 04:32,,3.0,0.0,-73.873436,40.856918,-73.873436,40.856918,True,204BD6364325CD98D75215F52C5E7E6D,CMT,1.0,N,,,1.0,,,,,,
4945D90EF633B4E63019BC2CD89DAEB8,,,,,2013/12/30 08:52,2013/12/30 09:00,,470.0,1.4,-73.873436,40.856918,-73.873436,40.856918,True,90C81017C00793355D879732987E5C0A,CMT,1.0,N,,,1.0,,,,,,
4945D90EF633B4E63019BC2CD89DAEB8,,,,,2013/12/30 13:24,2013/12/30 13:42,,1064.0,2.4,-73.873436,40.856918,-73.873436,40.856918,True,90C81017C00793355D879732987E5C0A,CMT,1.0,N,,,1.0,,,,,,
4945D90EF633B4E63019BC2CD89DAEB8,,,,,2013/12/30 08:43,2013/12/30 08:47,,252.0,0.9,-73.873436,40.856918,-73.873436,40.856918,True,90C81017C00793355D879732987E5C0A,CMT,1.0,N,,,1.0,,,,,,
4945D90EF633B4E63019BC2CD89DAEB8,,,,,2013/12/30 09:57,2013/12/30 10:14,,1004.0,2.0,-73.873436,40.856918,-73.873436,40.856918,True,90C81017C00793355D879732987E5C0A,CMT,1.0,Y,,,1.0,,,,,,
4945D90EF633B4E63019BC2CD89DAEB8,,,,,2013/12/30 13:10,2013/12/30 13:22,,719.0,2.5,-73.873436,40.856918,-73.873436,40.856918,True,90C81017C00793355D879732987E5C0A,CMT,1.0,N,,,1.0,,,,,,
4945D90EF633B4E63019BC2CD89DAEB8,,,,,2013/12/30 14:23,2013/12/30 14:34,,648.0,1.2,-73.873436,40.856918,-73.873436,40.856918,True,90C81017C00793355D879732987E5C0A,CMT,1.0,N,,,4.0,,,,,,
4945D90EF633B4E63019BC2CD89DAEB8,,,,,2013/12/30 11:50,2013/12/30 11:59,,542.0,1.2,-73.873436,40.856918,-73.873436,40.856918,True,90C81017C00793355D879732987E5C0A,CMT,1.0,N,,,3.0,,,,,,
4945D90EF633B4E63019BC2CD89DAEB8,,,,,2013/12/30 11:10,2013/12/30 11:23,,796.0,2.3,-73.873436,40.856918,-73.873436,40.856918,True,90C81017C00793355D879732987E5C0A,CMT,1.0,N,,,1.0,,,,,,
4945D90EF633B4E63019BC2CD89DAEB8,,,,,2013/12/30 10:33,2013/12/30 10:40,,434.0,1.4,-73.873436,40.856918,-73.873436,40.856918,True,90C81017C00793355D879732987E5C0A,CMT,1.0,N,,,1.0,,,,,,
4945D90EF633B4E63019BC2CD89DAEB8,,,,,2013/12/31 01:29,2013/12/31 01:50,,1256.0,5.3,-73.873436,40.856918,-73.873436,40.856918,True,204BD6364325CD98D75215F52C5E7E6D,CMT,1.0,N,,,1.0,,,,,,
4945D90EF633B4E63019BC2CD89DAEB8,,,,,2013/12/31 10:25,2013/12/31 10:29,,197.0,0.6,-73.873436,40.856918,-73.873436,40.856918,True,106B3A0124118401F4795EB8AAA1372E,CMT,1.0,N,,,1.0,,,,,,
4945D90EF633B4E63019BC2CD89DAEB8,,,,,2013/12/31 09:20,2013/12/31 09:23,,195.0,0.6,-73.873436,40.856918,-73.873436,40.856918,True,106B3A0124118401F4795EB8AAA1372E,CMT,1.0,N,,,1.0,,,,,,
4945D90EF633B4E63019BC2CD89DAEB8,,,,,2013/12/31 09:02,2013/12/31 09:04,,167.0,0.6,-73.873436,40.856918,-73.873436,40.856918,True,106B3A0124118401F4795EB8AAA1372E,CMT,1.0,N,,,1.0,,,,,,
4945D90EF633B4E63019BC2CD89DAEB8,,,,,2013/12/31 02:20,2013/12/31 02:29,,558.0,1.9,-73.873436,40.856918,-73.873436,40.856918,True,204BD6364325CD98D75215F52C5E7E6D,CMT,1.0,N,,,4.0,,,,,,
4945D90EF633B4E63019BC2CD89DAEB8,,,,,2013/12/31 02:52,2013/12/31 03:05,,777.0,3.4,-73.873436,40.856918,-73.873436,40.856918,True,204BD6364325CD98D75215F52C5E7E6D,CMT,1.0,Y,,,1.0,,,,,,
4945D90EF633B4E63019BC2CD89DAEB8,,,,,2013/12/31 03:23,2013/12/31 03:27,,259.0,0.8,-73.873436,40.856918,-73.873436,40.856918,True,204BD6364325CD98D75215F52C5E7E6D,CMT,1.0,N,,,2.0,,,,,,
4945D90EF633B4E63019BC2CD89DAEB8,,,,,2013/12/31 07:41,2013/12/31 07:44,,175.0,0.7,-73.873436,40.856918,-73.873436,40.856918,True,106B3A0124118401F4795EB8AAA1372E,CMT,1.0,N,,,1.0,,,,,,
4945D90EF633B4E63019BC2CD89DAEB8,,,,,2013/12/31 02:33,2013/12/31 02:42,,553.0,3.2,-73.873436,40.856918,-73.873436,40.856918,True,204BD6364325CD98D75215F52C5E7E6D,CMT,1.0,N,,,1.0,,,,,,
4945D90EF633B4E63019BC2CD89DAEB8,,,,,2013/12/31 03:35,2013/12/31 03:38,,183.0,1.4,-73.873436,40.856918,-73.873436,40.856918,True,204BD6364325CD98D75215F52C5E7E6D,CMT,1.0,N,,,2.0,,,,,,
4945D90EF633B4E63019BC2CD89DAEB8,,,,,2013/12/31 03:39,2013/12/31 03:45,,381.0,1.0,-73.873436,40.856918,-73.873436,40.856918,True,204BD6364325CD98D75215F52C5E7E6D,CMT,1.0,N,,,2.0,,,,,,
4945D90EF633B4E63019BC2CD89DAEB8,,,,,2013/12/31 04:17,2013/12/31 04:24,,401.0,2.3,-73.873436,40.856918,-73.873436,40.856918,True,204BD6364325CD98D75215F52C5E7E6D,CMT,1.0,N,,,1.0,,,,,,
4945D90EF633B4E63019BC2CD89DAEB8,,,,,2013/12/31 08:23,2013/12/31 08:31,,525.0,2.0,-73.873436,40.856918,-73.873436,40.856918,True,106B3A0124118401F4795EB8AAA1372E,CMT,1.0,N,,,1.0,,,,,,
4945D90EF633B4E63019BC2CD89DAEB8,,,,,2013/12/31 04:56,2013/12/31 05:17,,1290.0,10.4,-73.873436,40.856918,-73.873436,40.856918,True,204BD6364325CD98D75215F52C5E7E6D,CMT,1.0,Y,,,1.0,,,,,,
396CD3BD40E4004A37851441CF22F624,,,,,2013/12/31 22:32,2013/12/31 22:38,,370.0,1.9,-73.881859,40.852413,-73.868378,40.867977,True,9154814AD650BE4B29E59FA017B3671E,CMT,1.0,N,,,1.0,,,,,,
81D33E414D42F6050798295710B1FDFC,,,,,2013/12/1 21:21,2013/12/1 21:25,,214.0,0.8,-73.886238,40.859039,-73.900673,40.862663,True,C08B5251D128450F7ECE3D54D441971C,CMT,1.0,N,,,1.0,,,,,,
1258CA1DF5E2A9E9A9F7848408A7AAEB,,,,,2013/12/2 22:19,2013/12/2 22:21,,103.0,0.3,-73.884506,40.863583,-73.884239,40.863766,True,8ED700AFCB22F6AC10519B779AA7DF44,CMT,1.0,N,,,1.0,,,,,,
1258CA1DF5E2A9E9A9F7848408A7AAEB,,,,,2013/12/2 23:20,2013/12/2 23:33,,782.0,3.4,-73.885521,40.863132,-73.885803,40.863899,True,8ED700AFCB22F6AC10519B779AA7DF44,CMT,1.0,N,,,1.0,,,,,,
1258CA1DF5E2A9E9A9F7848408A7AAEB,,,,,2013/12/2 22:46,2013/12/2 23:02,,919.0,3.4,-73.884499,40.862511,-73.885483,40.863144,True,8ED700AFCB22F6AC10519B779AA7DF44,CMT,1.0,N,,,2.0,,,,,,
1258CA1DF5E2A9E9A9F7848408A7AAEB,,,,,2013/12/2 23:49,2013/12/3 00:03,,834.0,3.2,-73.885117,40.864391,-73.885513,40.864346,True,8ED700AFCB22F6AC10519B779AA7DF44,CMT,1.0,N,,,3.0,,,,,,
1258CA1DF5E2A9E9A9F7848408A7AAEB,,,,,2013/12/2 22:32,2013/12/2 22:44,,668.0,2.6,-73.884354,40.863026,-73.884598,40.862732,True,8ED700AFCB22F6AC10519B779AA7DF44,CMT,1.0,N,,,1.0,,,,,,
1258CA1DF5E2A9E9A9F7848408A7AAEB,,,,,2013/12/2 23:07,2013/12/2 23:10,,152.0,0.5,-73.885567,40.863052,-73.885567,40.863052,True,8ED700AFCB22F6AC10519B779AA7DF44,CMT,1.0,N,,,1.0,,,,,,
1258CA1DF5E2A9E9A9F7848408A7AAEB,,,,,2013/12/2 21:52,2013/12/2 22:09,,1032.0,3.8,-73.885078,40.86359,-73.884659,40.863396,True,8ED700AFCB22F6AC10519B779AA7DF44,CMT,1.0,N,,,4.0,,,,,,
70EFF9C301B810B7946734EF99D5811C,,,,,2013/12/8 02:59,2013/12/8 02:59,,6.0,0.0,-73.886597,40.859211,-73.886597,40.859211,True,AD3BB274A79119A12E4ECD0BFE1B6917,CMT,1.0,N,,,1.0,,,,,,
0DA4DCB0E5C0987E4F27F4DFF345AABB,,,,,2013/12/11 12:04,2013/12/11 12:23,,1164.0,2.9,-73.879898,40.856388,-73.846321,40.845642,True,A3BDDA114A27319BA9BE2BFEAF348E8B,CMT,1.0,N,,,1.0,,,,,,
AF21282BA9ED2DF509FFC0AA48A4A624,,,,,2013/12/14 09:13,2013/12/14 09:13,,15.0,11.7,-73.880554,40.862171,-73.880539,40.862198,True,3CA9B16F2AE4B33F9A00CBE4053D7D7F,CMT,5.0,N,,,3.0,,,,,,
EB14D5E8DDC5C3699D83D6557FC0429D,,,,,2013/12/12 02:17,2013/12/12 02:20,,166.0,0.6,-73.880547,40.857056,-73.89093,40.859982,True,47F9F70D5CAF4E0C920E8447BD7A949F,CMT,1.0,N,,,1.0,,,,,,
6264E29555000F7CB82494B0093BA9F5,,,,,2013/12/15 03:08,2013/12/15 03:24,,950.0,3.0,-73.884621,40.855392,-73.913383,40.839729,True,7CA295EF309F1B7BE7FEB2ECF823C185,CMT,1.0,N,,,1.0,,,,,,
B00B5488DB5BC7213BB18C19CC92C9D5,,,,,2013/12/18 07:57,2013/12/18 08:13,,929.0,2.5,-73.882126,40.852062,-73.908585,40.824303,True,4F9E10BE88702F0C35C35632306DA110,CMT,1.0,N,,,1.0,,,,,,
9B4F0D25D9160F5AF7C5904551A36A44,,,,,2013/12/20 14:23,2013/12/20 14:57,,2042.0,3.7,-73.884621,40.857944,-73.921333,40.828953,True,09860D715C6783250FDF0B10BF7F6617,CMT,1.0,N,,,2.0,,,,,,
FFD1575DA3F4DB85CCEC9FFBEAE16AEF,,,,,2013/12/30 20:07,2013/12/30 20:07,,0.0,0.0,-73.886742,40.857811,-73.886726,40.857807,True,44F1D8A999F6FE1AFC854CEA5CB83BBD,VTS,5.0,,,,1.0,,,,,,
C8B42D06B8961C18CE435A51FE6A3C0B,,,,,2013/12/27 12:13,2013/12/27 12:17,,259.0,0.8,-73.881958,40.862133,-73.887527,40.872185,True,8BC2887AF38536543E13C833F8FF2D43,CMT,1.0,N,,,2.0,,,,,,
9DE97C5E2783CBFE1ED47247E1976A8C,,,,,2013/12/3 11:16,2013/12/3 11:21,,300.0,1.26,-73.881233,40.854961,-73.8871,40.8386,True,B98DFB91C97E2CD58C86E74385F8CD26,VTS,1.0,,,,3.0,,,,,,
