medallion,hack_license,vendor_id,rate_code,store_and_fwd_flag,pickup_datetime,dropoff_datetime,passenger_count,trip_time_in_secs,trip_distance,pickup_longitude,pickup_latitude,dropoff_longitude,dropoff_latitude,is_brooklyn, hack_license, vendor_id, rate_code, store_and_fwd_flag, pickup_datetime, dropoff_datetime, passenger_count, trip_time_in_secs, trip_distance, pickup_longitude, pickup_latitude, dropoff_longitude, dropoff_latitude
F79B8B6D1304C70CD1F8C6EED8E7F517,AB9304AFABF0E32D80F1970E00BE2D86,VTS,1.0,,2013-01-13 07:32:00,2013-01-13 07:34:00,2.0,120.0,0.7,-73.96666,40.584637,-73.964699,40.579056,True,,,,,,,,,,,,,
27A6269E995D8AA00AA2F87C6E9263CE,1B61C863CEAB7C65BDC5D2A01DE7E5D2,VTS,1.0,,2013-01-13 12:03:00,2013-01-13 12:08:00,1.0,300.0,1.11,-73.965469,40.591042,-73.971687,40.580379,True,,,,,,,,,,,,,
937AFEDC19627E6C3B5885E4B0FCCBF7,877D8990892E68125237F629AA0FC5BD,VTS,1.0,,2013-01-14 07:37:00,2013-01-14 07:57:00,5.0,1200.0,5.21,-73.967987,40.578354,-74.008583,40.625668,True,,,,,,,,,,,,,
789E7E64EC7C31A88C1683D3BA163A46,3C0FB2975708DF2E873C6D7C72E7EABE,VTS,1.0,,2013-01-14 20:35:00,2013-01-14 20:51:00,4.0,960.0,3.46,-73.970573,40.566666,-74.006653,40.73439,True,,,,,,,,,,,,,
DF10AF2A9FF6923D057BAB8500283FCE,B81298D7AFE3F080D8F9E03BA38CAE71,VTS,1.0,,2013-01-15 00:13:00,2013-01-15 00:17:00,1.0,240.0,1.73,-73.973999,40.590172,-73.959785,40.579376,True,,,,,,,,,,,,,
469730C77B4DBC89765CBA5CDF60A1E0,45A4FFF28139B7D4304B5BF307E58DB3,VTS,1.0,,2013-01-15 00:01:00,2013-01-15 00:13:00,6.0,720.0,2.85,-73.977325,40.594379,-73.937721,40.594112,True,,,,,,,,,,,,,
DC2F8C6C3F9B6F465B6C1AA21038B140,A7C700771BC41B7002058C702E3ABB5D,VTS,1.0,,2013-01-15 07:53:00,2013-01-15 08:31:00,1.0,2280.0,17.57,-73.989967,40.596832,-73.918396,40.731709,True,,,,,,,,,,,,,
CC7636D707F7C61FCA4986990A56EB47,64B6C00584BCF6243CA9578BFAA17B77,VTS,1.0,,2013-01-15 12:44:00,2013-01-15 13:01:00,5.0,1020.0,9.06,-73.985542,40.580616,-74.019943,40.636276,True,,,,,,,,,,,,,
A614810E4C8DB5D24EF62F55995648BD,BCF6A9D98B89D59FC37DE105CB64CD37,VTS,1.0,,2013-01-15 20:39:00,2013-01-15 20:50:00,5.0,660.0,2.36,-73.993248,40.596336,-74.017838,40.707237,True,,,,,,,,,,,,,
A3CBBAF911A9C6276DB6BB874F192D72,8BF0E72CAB26DAC5F1BC7E052DC7CF63,VTS,2.0,,2013-01-16 04:24:00,2013-01-16 04:26:00,1.0,120.0,0.0,-73.983261,40.579983,-73.983261,40.580013,True,,,,,,,,,,,,,
CB64DB8A226AA8272969819336764148,C48D009E9B36DED747FD5F6690841A38,VTS,1.0,,2013-01-16 19:05:00,2013-01-16 19:13:00,5.0,480.0,1.62,-73.974442,40.582184,-73.986435,40.597481,True,,,,,,,,,,,,,
E0FF83B00BBE193D93702125B41CFDF5,2DF1A22B10D0A5F4FE01403135CA5205,VTS,5.0,,2013-01-16 23:40:00,2013-01-16 23:41:00,2.0,60.0,0.0,-73.969292,40.586395,-73.969292,40.586395,True,,,,,,,,,,,,,
3A144622F70AAA6E33F32E2711C270B6,38AE6BD31887EC5F00446498413C14D9,VTS,5.0,,2013-01-17 01:25:00,2013-01-17 01:26:00,1.0,60.0,0.0,-73.968346,40.578629,-73.968353,40.578632,True,,,,,,,,,,,,,
9F8B1F5E209FBFDCF49F5637B6FC3E59,F4F849629193628F347B6727DA11F428,VTS,1.0,,2013-01-01 02:35:00,2013-01-01 02:46:00,1.0,660.0,4.98,-73.992538,40.591534,-73.931198,40.584526,True,,,,,,,,,,,,,
FD3677D466E4C0909725B7C43DC82274,E00F751C2B0FA836A59865BB72F9D126,VTS,1.0,,2013-01-01 01:59:00,2013-01-01 02:20:00,1.0,1260.0,0.95,-73.9925,40.573174,-73.955116,40.618862,True,,,,,,,,,,,,,
0B3F2B0EF39CEDFAD933992382471806,E009BC092F8A930D0450B62BE192CF9B,VTS,1.0,,2013-01-01 02:07:00,2013-01-01 02:16:00,1.0,540.0,1.58,-73.973076,40.596462,-73.948441,40.599339,True,,,,,,,,,,,,,
8FD3E60B2A58B900EA73D7735D2E005C,5D7EB0CFCDAEF6939192726592CE4B2C,VTS,1.0,,2013-01-01 13:21:00,2013-01-01 14:06:00,4.0,2700.0,11.16,-73.981125,40.575401,-73.991982,40.701691,True,,,,,,,,,,,,,
A2B2E4DC64E3B3B9F8DCEF7551A38BEC,902DEAA1A28E6022CDD3542D5BF7CD92,VTS,1.0,,2013-01-01 16:59:00,2013-01-01 17:03:00,2.0,240.0,0.76,-73.969025,40.596622,-73.964935,40.598049,True,,,,,,,,,,,,,
AD46B7F1DF39770161163EAE88574E58,D9A8DA0FCC24B2AA58335A92569D59D4,VTS,3.0,,2013-01-02 15:49:00,2013-01-02 15:50:00,5.0,60.0,0.0,-73.971054,40.583786,-73.971069,40.583786,True,,,,,,,,,,,,,
9C9089B47CB3EDAB022A43F840354E1C,FA981116B99421FCFC50BC70C4A3F164,VTS,1.0,,2013-01-02 20:42:00,2013-01-02 20:58:00,5.0,960.0,0.52,-73.986954,40.576855,-73.991158,40.576279,True,,,,,,,,,,,,,
BEF9022E31C916B753397A703204F20B,85B61C7486FD793B98B022ECCA2E5E40,VTS,1.0,,2013-01-03 22:35:00,2013-01-03 22:39:00,2.0,240.0,0.83,-74.003136,40.576874,-74.005791,40.577972,True,,,,,,,,,,,,,
8E64A30514DAC9AB727CE9FDBC28666F,56A8AAA9146D3289B9B936E3BE6B2238,VTS,1.0,,2013-01-04 01:22:00,2013-01-04 01:27:00,6.0,300.0,0.95,-73.976967,40.596539,-73.990669,40.599995,True,,,,,,,,,,,,,
78833E177D45E4BC520222FFBBAC5B77,1F797A37790043459D9F54B31CE8B655,VTS,1.0,,2013-01-04 09:25:00,2013-01-04 09:37:00,5.0,720.0,2.47,-73.979973,40.579136,-73.977463,40.606815,True,,,,,,,,,,,,,
AD46B7F1DF39770161163EAE88574E58,BC1628E82DD64C07B75DD93895ADB943,VTS,1.0,,2013-01-04 02:39:00,2013-01-04 02:47:00,4.0,480.0,3.13,-73.975731,40.579845,-73.940353,40.598423,True,,,,,,,,,,,,,
01D13A056D9A26F84C328DFDD5534B55,7F70DBB800E817EEA4C0FA4CB807B913,VTS,1.0,,2013-01-05 04:37:00,2013-01-05 05:05:00,5.0,1680.0,22.67,-73.982445,40.596951,-73.844864,40.73793,True,,,,,,,,,,,,,
8995D509E86B6F910F8C0E1947FE299A,030F4789E1CFA1C84BD262DC9B027EFA,VTS,1.0,,2013-01-05 16:20:00,2013-01-05 16:32:00,6.0,720.0,2.76,-73.994354,40.59446,-73.999664,40.728302,True,,,,,,,,,,,,,
FD5E3758B9BA80F962A759ED4B1DE76A,0EBDA5F9612AC94FBA537169EE96D01A,VTS,1.0,,2013-01-06 12:14:00,2013-01-06 13:03:00,1.0,2940.0,17.73,-73.997917,40.593712,-73.847794,40.721485,True,,,,,,,,,,,,,
8B92CB499DFC80FC3422BC4A05BFA582,0983989F9D3D4A81AB44B436AAB0EBC7,CMT,1.0,N,2013-01-18 11:37:49,2013-01-18 12:09:15,1.0,1886.0,5.3,-73.966949,40.582123,-73.966949,40.582123,True,,,,,,,,,,,,,
7BCF99DE6896C51773871DECFF51DB97,8467F2F789895A38F8EFA681F55D4478,CMT,5.0,N,2013-01-01 11:46:12,2013-01-01 11:47:01,2.0,48.0,0.0,-73.985001,40.578785,-73.985001,40.578785,True,,,,,,,,,,,,,
0C351740D5081DF4329D6328057F9D44,C6D51B67A7997F764338A33BFAC55CDC,CMT,1.0,N,2013-01-02 06:47:56,2013-01-02 06:57:40,1.0,583.0,3.0,-73.972435,40.579334,-74.0112,40.714813,True,,,,,,,,,,,,,
2ACD60D565F510B4B32EF75DCE0CCBF0,5944F6EFFDBF39AF4AB513835EC239DE,CMT,1.0,N,2013-01-04 00:29:04,2013-01-04 00:34:00,1.0,295.0,2.0,-73.969757,40.580051,-73.986504,40.599403,True,,,,,,,,,,,,,
1FD758B30E864D2536032187A7F4A026,30AC3F0D3D2FCAA669830063A60F4FFD,CMT,1.0,N,2013-01-04 17:11:05,2013-01-04 17:25:47,1.0,882.0,3.9,-73.973289,40.590263,-73.981499,40.736462,True,,,,,,,,,,,,,
42CEF08C6F268E7C151625C839D8DCB7,BAEF5530FE83540A4F3B651354F1CAE7,CMT,1.0,N,2013-01-05 03:58:29,2013-01-05 04:16:54,1.0,1105.0,4.4,-73.978958,40.59639,-74.010521,40.629749,True,,,,,,,,,,,,,
162C56063E27DC18451B8A3B19BC5894,A9F2024B9DE7A8483D861702B8C8862B,CMT,1.0,N,2013-01-06 04:52:43,2013-01-06 05:03:16,1.0,633.0,2.7,-73.983414,40.586338,-73.943863,40.58564,True,,,,,,,,,,,,,
5786542D53687B2DBCC12CE6060AB671,4A92B19376E78E4AC71B866A2DADF91B,CMT,1.0,N,2013-01-07 23:46:09,2013-01-08 00:21:17,1.0,2107.0,8.3,-73.99231,40.574486,-73.99231,40.574486,True,,,,,,,,,,,,,
5786542D53687B2DBCC12CE6060AB671,4A92B19376E78E4AC71B866A2DADF91B,CMT,1.0,N,2013-01-09 20:28:50,2013-01-09 20:38:18,1.0,567.0,1.3,-73.964256,40.594002,-73.964256,40.594002,True,,,,,,,,,,,,,
5786542D53687B2DBCC12CE6060AB671,4A92B19376E78E4AC71B866A2DADF91B,CMT,1.0,N,2013-01-09 20:06:49,2013-01-09 20:17:10,2.0,620.0,0.8,-73.964256,40.594002,-73.964256,40.594002,True,,,,,,,,,,,,,
5786542D53687B2DBCC12CE6060AB671,4A92B19376E78E4AC71B866A2DADF91B,CMT,1.0,N,2013-01-09 20:39:29,2013-01-09 20:46:09,1.0,400.0,2.2,-73.964256,40.594002,-73.964256,40.594002,True,,,,,,,,,,,,,
5786542D53687B2DBCC12CE6060AB671,4A92B19376E78E4AC71B866A2DADF91B,CMT,1.0,N,2013-01-09 19:39:44,2013-01-09 19:52:10,2.0,745.0,2.0,-73.964256,40.594002,-73.964256,40.594002,True,,,,,,,,,,,,,
31CEB44783B50EEE3A6CC1E43B37DFA2,F7802B88F3429CFF1B3646227C31C2BF,CMT,5.0,N,2013-01-10 03:35:32,2013-01-10 03:36:56,1.0,83.0,0.2,-73.994408,40.592091,-73.995605,40.594654,True,,,,,,,,,,,,,
92E56A3E642EB10249233466494C731B,617B57B248AC7190A61C750DE26510D3,CMT,5.0,N,2013-01-10 11:20:28,2013-01-10 11:28:10,1.0,461.0,0.0,-73.99189,40.592251,-73.993362,40.601719,True,,,,,,,,,,,,,
AFD4ED8962C18BFDBCBA5DE63F37D1F4,3863AAA757CE0F00DBAAA35D2648CD79,CMT,1.0,N,2013-01-10 07:02:55,2013-01-10 07:12:28,1.0,572.0,3.2,-73.964294,40.590374,-73.964294,40.590374,True,,,,,,,,,,,,,
F5C9CE86F90420EC95BE1C546D02B38F,3200B71806B88EDA41DD610FB9E5F65A,CMT,1.0,N,2013-01-10 22:06:40,2013-01-10 22:18:01,2.0,681.0,1.9,-73.977417,40.582726,-73.977417,40.582726,True,,,,,,,,,,,,,
F5C9CE86F90420EC95BE1C546D02B38F,3200B71806B88EDA41DD610FB9E5F65A,CMT,1.0,N,2013-01-10 22:18:56,2013-01-10 22:28:30,2.0,573.0,1.8,-73.977417,40.582726,-73.977417,40.582726,True,,,,,,,,,,,,,
0BF4420826CD7D1E2A2CABF3FFDB438A,C3FFADA8291D314E1E005819FFF5F513,CMT,5.0,N,2013-01-12 04:40:05,2013-01-12 04:41:12,1.0,66.0,0.0,-73.967842,40.580578,-73.967842,40.580578,True,,,,,,,,,,,,,
2BB6F5173D051BE1F493B980D6178976,55695D5B1BC32F0CB1B3F7D6DDDF1EDF,CMT,5.0,N,2013-01-13 20:34:32,2013-01-13 20:35:18,1.0,45.0,0.0,-73.983521,40.581207,-73.983505,40.5812,True,,,,,,,,,,,,,
BE396B0A225BCBE6F29EF9F1C9258668,17AB94BDA38748F08632A314257BAAC3,CMT,1.0,N,2013-01-13 04:44:47,2013-01-13 04:46:46,1.0,119.0,0.4,-74.007233,40.575775,-74.006454,40.580063,True,,,,,,,,,,,,,
EF10D5A08A0D103A1701537C93FD55AC,6CCBBD96C855460F4E87A6A5784E39D3,CMT,5.0,N,2013-01-13 04:53:51,2013-01-13 04:54:29,2.0,38.0,0.0,-73.971687,40.579903,-73.971672,40.579906,True,,,,,,,,,,,,,
EF10D5A08A0D103A1701537C93FD55AC,6CCBBD96C855460F4E87A6A5784E39D3,CMT,5.0,N,2013-01-13 04:52:04,2013-01-13 04:52:47,2.0,43.0,0.0,-73.971672,40.579918,-73.971664,40.579937,True,,,,,,,,,,,,,
9C7529504DBF25D05C71B54DCC6892D2,E21D5A7D902A9A94FBE276FC67B12AEF,CMT,1.0,N,2013-01-17 06:34:04,2013-01-17 06:42:30,1.0,505.0,2.9,-73.966171,40.586548,-74.012794,40.715267,True,,,,,,,,,,,,,
8B92CB499DFC80FC3422BC4A05BFA582,0983989F9D3D4A81AB44B436AAB0EBC7,CMT,1.0,N,2013-01-18 08:38:49,2013-01-18 08:50:15,1.0,686.0,1.3,-73.966949,40.582123,-73.966949,40.582123,True,,,,,,,,,,,,,
8B92CB499DFC80FC3422BC4A05BFA582,0983989F9D3D4A81AB44B436AAB0EBC7,CMT,1.0,N,2013-01-18 10:55:39,2013-01-18 11:04:17,1.0,517.0,1.3,-73.966949,40.582123,-73.966949,40.582123,True,,,,,,,,,,,,,
8B92CB499DFC80FC3422BC4A05BFA582,0983989F9D3D4A81AB44B436AAB0EBC7,CMT,1.0,N,2013-01-18 05:02:46,2013-01-18 05:05:41,1.0,175.0,0.8,-73.966949,40.582123,-73.966949,40.582123,True,,,,,,,,,,,,,
8B92CB499DFC80FC3422BC4A05BFA582,0983989F9D3D4A81AB44B436AAB0EBC7,CMT,1.0,N,2013-01-18 09:48:33,2013-01-18 10:07:49,1.0,1156.0,2.1,-73.966949,40.582123,-73.966949,40.582123,True,,,,,,,,,,,,,
8B92CB499DFC80FC3422BC4A05BFA582,0983989F9D3D4A81AB44B436AAB0EBC7,CMT,1.0,N,2013-01-18 06:26:06,2013-01-18 06:36:57,1.0,651.0,2.3,-73.966949,40.582123,-73.966949,40.582123,True,,,,,,,,,,,,,
8B92CB499DFC80FC3422BC4A05BFA582,0983989F9D3D4A81AB44B436AAB0EBC7,CMT,1.0,N,2013-01-18 05:38:42,2013-01-18 06:00:54,1.0,1332.0,10.0,-73.966949,40.582123,-73.966949,40.582123,True,,,,,,,,,,,,,
8B92CB499DFC80FC3422BC4A05BFA582,0983989F9D3D4A81AB44B436AAB0EBC7,CMT,1.0,N,2013-01-18 06:54:00,2013-01-18 07:02:34,1.0,514.0,1.4,-73.966949,40.582123,-73.966949,40.582123,True,,,,,,,,,,,,,
8B92CB499DFC80FC3422BC4A05BFA582,0983989F9D3D4A81AB44B436AAB0EBC7,CMT,1.0,N,2013-01-18 07:59:11,2013-01-18 08:14:10,1.0,899.0,2.5,-73.966949,40.582123,-73.966949,40.582123,True,,,,,,,,,,,,,
8B92CB499DFC80FC3422BC4A05BFA582,0983989F9D3D4A81AB44B436AAB0EBC7,CMT,1.0,N,2013-01-18 06:43:41,2013-01-18 06:52:04,1.0,502.0,2.1,-73.966949,40.582123,-73.966949,40.582123,True,,,,,,,,,,,,,
8B92CB499DFC80FC3422BC4A05BFA582,0983989F9D3D4A81AB44B436AAB0EBC7,CMT,1.0,N,2013-01-18 11:05:10,2013-01-18 11:29:12,3.0,1441.0,4.7,-73.966949,40.582123,-73.966949,40.582123,True,,,,,,,,,,,,,
8B92CB499DFC80FC3422BC4A05BFA582,0983989F9D3D4A81AB44B436AAB0EBC7,CMT,1.0,N,2013-01-18 07:30:54,2013-01-18 07:39:04,1.0,489.0,1.0,-73.966949,40.582123,-73.966949,40.582123,True,,,,,,,,,,,,,
0C351740D5081DF4329D6328057F9D44,C6D51B67A7997F764338A33BFAC55CDC,CMT,1.0,N,2013-01-02 06:36:48,2013-01-02 06:41:43,1.0,294.0,1.4,-73.972435,40.579334,-73.972435,40.579334,True,,,,,,,,,,,,,
E0B315ABFE103A63E919FEB6760209E9,F1FFE893A5E1A06AB540BF43EE1B9A23,CMT,1.0,N,2013-01-03 05:29:03,2013-01-03 05:43:06,1.0,843.0,7.8,-73.965424,40.589207,-73.997002,40.692917,True,,,,,,,,,,,,,
F10387EA1E58BF976A1D8119D24596F1,F8D67FD518F6EBA4C8692A4EE8B29910,CMT,1.0,N,2013-01-03 12:27:50,2013-01-03 13:03:01,2.0,2111.0,10.6,-73.980408,40.596741,-74.000641,40.718239,True,,,,,,,,,,,,,
5921D3DC9CFE47F68A17236B1C36D27E,CC7C8F95211ECE448C6EC2B6DBED3C96,CMT,1.0,N,2013-01-01 12:07:05,2013-01-01 12:46:01,1.0,2335.0,9.5,-73.972633,40.574478,-73.980354,40.676502,True,,,,,,,,,,,,,
4DC80FE9E42B35052A5F3FD095511228,54BAF0BE7C208682D1512367E802DE74,VTS,1.0,,2013-01-17 15:19:00,2013-01-17 15:22:00,5.0,180.0,0.69,-73.965561,40.561138,-73.977425,40.557617,True,,,,,,,,,,,,,
7831BDCAC8FC7AECBB8AF548090C2042,EDEF29522A2E46657E8D92BBE59CCE1C,VTS,1.0,,2013-01-18 14:58:00,2013-01-18 15:29:00,3.0,1860.0,14.44,-73.965942,40.586224,-74.007675,40.711517,True,,,,,,,,,,,,,
132DCED0C0D70E6557992F9ED64A18D5,8C1B1D015EB4928F9204BF670AF602A9,VTS,1.0,,2013-01-20 03:37:00,2013-01-20 04:09:00,1.0,1920.0,15.41,-73.995857,40.572872,-73.945587,40.661125,True,,,,,,,,,,,,,
9C7529504DBF25D05C71B54DCC6892D2,E21D5A7D902A9A94FBE276FC67B12AEF,CMT,1.0,N,2013-01-22 07:01:37,2013-01-22 07:15:55,1.0,857.0,3.4,-73.968155,40.58448,-74.015381,40.709946,True,,,,,,,,,,,,,
90CA6DC107A80124B1FB266E01677655,B18B4930B8E5E114171751935F22219E,CMT,1.0,N,2013-01-22 07:01:46,2013-01-22 07:06:06,1.0,260.0,0.7,-73.9767,40.58271,-73.994476,40.727757,True,,,,,,,,,,,,,
D9B9634B4EB6F365E7EA4B6F6C80FE39,ED5FDDFAE5077BBCF0E24CB2080BF6F0,CMT,5.0,N,2013-01-23 00:51:49,2013-01-23 00:55:49,1.0,240.0,0.0,-73.964935,40.576035,-73.964935,40.576118,True,,,,,,,,,,,,,
A1820C0C2A66AE0404C695FEA70C5969,522CE80C433AFF0C8A5F4A288B583F39,CMT,1.0,N,2013-01-02 12:59:45,2013-01-02 13:03:38,1.0,232.0,0.6,-73.981247,40.594292,-73.981247,40.594292,True,,,,,,,,,,,,,
704444EE57A8AE7A2F940BED63980E29,6B20E6906E502C315DAF0993A58362B4,CMT,1.0,N,2013-01-13 02:14:12,2013-01-13 02:19:32,1.0,320.0,1.7,-73.986946,40.574802,-73.966377,40.58548,True,,,,,,,,,,,,,
B6FC8357E0D53B0F1FA897D536A20F5C,B62AB586B42EE9320A94E32B772C0FB3,CMT,1.0,N,2013-01-03 03:50:22,2013-01-03 03:50:42,1.0,20.0,0.0,-73.983475,40.576836,-73.984718,40.576668,True,,,,,,,,,,,,,
E0B315ABFE103A63E919FEB6760209E9,F1FFE893A5E1A06AB540BF43EE1B9A23,CMT,1.0,N,2013-01-04 05:33:42,2013-01-04 05:46:18,1.0,756.0,7.7,-73.965729,40.588921,-73.997559,40.69165,True,,,,,,,,,,,,,
761033F2C6F96EBFA9F578E968FDEDE5,57BA3B6F0431B97A8CD52CEDA8CB7FA4,CMT,1.0,N,2013-01-04 14:59:00,2013-01-04 15:21:52,3.0,1371.0,5.6,-73.967888,40.583424,-74.013893,40.702396,True,,,,,,,,,,,,,
A5A8269908F5D906140559A300992053,7DD43BAFE43FFA1C3D96ABD571F4BF29,CMT,1.0,N,2013-01-03 19:24:00,2013-01-03 19:24:57,1.0,56.0,0.1,-73.967339,40.581432,-73.966911,40.583206,True,,,,,,,,,,,,,
DF681D7A829430AEE83AAF5CCC078407,1844B19E3705E8F2D17BD700D327ECF3,CMT,1.0,N,2013-01-07 13:34:59,2013-01-07 13:47:02,1.0,722.0,3.2,-73.968422,40.579582,-73.986572,40.60743,True,,,,,,,,,,,,,
DF681D7A829430AEE83AAF5CCC078407,1844B19E3705E8F2D17BD700D327ECF3,CMT,1.0,N,2013-01-07 14:21:12,2013-01-07 14:33:02,1.0,710.0,2.4,-73.964882,40.586803,-73.977203,40.605183,True,,,,,,,,,,,,,
E0B315ABFE103A63E919FEB6760209E9,F1FFE893A5E1A06AB540BF43EE1B9A23,CMT,1.0,N,2013-01-08 05:33:13,2013-01-08 05:46:15,1.0,781.0,7.7,-73.965446,40.589146,-73.997353,40.692268,True,,,,,,,,,,,,,
F10387EA1E58BF976A1D8119D24596F1,F8D67FD518F6EBA4C8692A4EE8B29910,CMT,1.0,N,2013-01-05 12:46:52,2013-01-05 13:14:39,2.0,1667.0,10.8,-73.980469,40.596722,-73.997978,40.713909,True,,,,,,,,,,,,,
F3236C2BB53B2DDB6EA9438A0AD56A67,7EE894AD2A2B44C70550546A3AE5EFD6,CMT,1.0,N,2013-01-06 02:18:28,2013-01-06 02:21:24,1.0,175.0,1.2,-73.964874,40.591915,-73.971092,40.606918,True,,,,,,,,,,,,,
AFD4ED8962C18BFDBCBA5DE63F37D1F4,3863AAA757CE0F00DBAAA35D2648CD79,CMT,1.0,N,2013-01-10 06:49:30,2013-01-10 06:52:25,1.0,174.0,0.7,-73.964294,40.590374,-73.964294,40.590374,True,,,,,,,,,,,,,
87D4CF6DA6EE49C6A5365514F7D8F0EC,6B20E6906E502C315DAF0993A58362B4,CMT,1.0,N,2013-01-10 23:45:29,2013-01-10 23:58:37,1.0,787.0,7.7,-73.971352,40.583069,-73.925941,40.638557,True,,,,,,,,,,,,,
E0B315ABFE103A63E919FEB6760209E9,F1FFE893A5E1A06AB540BF43EE1B9A23,CMT,1.0,N,2013-01-09 05:32:54,2013-01-09 05:46:04,1.0,790.0,7.6,-73.965218,40.589859,-73.997597,40.691605,True,,,,,,,,,,,,,
F10387EA1E58BF976A1D8119D24596F1,F8D67FD518F6EBA4C8692A4EE8B29910,CMT,1.0,N,2013-01-14 13:49:32,2013-01-14 14:20:32,2.0,1860.0,10.6,-73.980423,40.596771,-74.000679,40.718262,True,,,,,,,,,,,,,
E2CA172EF73EA8DEB8429113111271B9,152157E238C7197C66E435F535190C11,CMT,1.0,N,2013-01-13 05:14:40,2013-01-13 05:16:52,1.0,131.0,0.6,-73.991203,40.589916,-73.991699,40.587563,True,,,,,,,,,,,,,
8C68909B973BA97C3EFA4E9FB274D77B,5224E14DD8BF62C3F067CED23BA95ADD,CMT,1.0,N,2013-01-15 21:59:00,2013-01-15 22:11:32,1.0,751.0,6.2,-73.99855,40.596947,-74.015686,40.642017,True,,,,,,,,,,,,,
294134BC853AC59B821B01C602249488,CFA318CD69C8E611363936586BC1A18D,CMT,1.0,N,2013-01-15 20:17:57,2013-01-15 20:41:39,1.0,1421.0,5.8,-73.972069,40.578842,-73.973656,40.645359,True,,,,,,,,,,,,,
57B0915AFFE0D1CE51FB675094AAC5B3,D54A145CD9F6CE83C137ABE145283A06,CMT,1.0,N,2013-01-13 10:14:31,2013-01-13 10:15:34,1.0,62.0,0.7,-73.971375,40.583324,-73.960289,40.583324,True,,,,,,,,,,,,,
4E91DB243602D5585E5040B68ADC4189,718F8902AF19EFA628709D9F4F976BE6,CMT,1.0,N,2013-01-13 12:07:08,2013-01-13 12:15:52,2.0,524.0,2.2,-73.971642,40.579735,-73.974541,40.600555,True,,,,,,,,,,,,,
7D86872E7E9D5997595E6CEBBD6D6900,33D9ADF1CA79C16A923D434959186436,CMT,1.0,N,2013-01-16 01:17:28,2013-01-16 01:34:47,1.0,1038.0,10.7,-73.99984,40.572945,-73.882591,40.650505,True,,,,,,,,,,,,,
EFB08EF1CDA77CC654234F098E06E90C,543A705EBF327FE61230DCAF21489293,CMT,1.0,N,2013-01-01 03:15:21,2013-01-01 03:22:32,2.0,430.0,2.4,-73.976357,40.579182,-73.997238,40.593548,True,,,,,,,,,,,,,
5786542D53687B2DBCC12CE6060AB671,4A92B19376E78E4AC71B866A2DADF91B,CMT,1.0,N,2013-01-09 20:50:45,2013-01-09 21:00:22,2.0,576.0,1.6,-73.964256,40.594002,-73.964256,40.594002,True,,,,,,,,,,,,,
5786542D53687B2DBCC12CE6060AB671,4A92B19376E78E4AC71B866A2DADF91B,CMT,1.0,N,2013-01-09 19:22:39,2013-01-09 19:33:44,1.0,665.0,1.5,-73.964256,40.594002,-73.964256,40.594002,True,,,,,,,,,,,,,
5786542D53687B2DBCC12CE6060AB671,4A92B19376E78E4AC71B866A2DADF91B,CMT,1.0,N,2013-01-09 18:44:48,2013-01-09 18:57:41,1.0,772.0,2.0,-73.964256,40.594002,-73.964256,40.594002,True,,,,,,,,,,,,,
5786542D53687B2DBCC12CE6060AB671,4A92B19376E78E4AC71B866A2DADF91B,CMT,1.0,N,2013-01-09 18:59:55,2013-01-09 19:13:13,1.0,797.0,2.0,-73.964256,40.594002,-73.964256,40.594002,True,,,,,,,,,,,,,
4DD8918E83252001F02331E1B602B602,05EBD88D0D4F99CE2F1325431361D895,CMT,1.0,N,2013-01-01 03:20:02,2013-01-01 03:33:24,1.0,801.0,7.3,-73.983948,40.58852,-74.013992,40.647987,True,,,,,,,,,,,,,
FFAE711E9DD14336199F6A74DD849466,5E4A99D690E31E68E4D8846BA0CA225B,CMT,1.0,N,2013-01-01 02:34:54,2013-01-01 02:40:06,1.0,312.0,1.9,-73.978081,40.592487,-73.998222,40.611118,True,,,,,,,,,,,,,
E0B315ABFE103A63E919FEB6760209E9,F1FFE893A5E1A06AB540BF43EE1B9A23,CMT,1.0,N,2013-01-14 05:32:42,2013-01-14 05:46:17,1.0,814.0,7.6,-73.965088,40.590473,-73.997475,40.692093,True,,,,,,,,,,,,,
E0B315ABFE103A63E919FEB6760209E9,F1FFE893A5E1A06AB540BF43EE1B9A23,CMT,1.0,N,2013-01-10 05:33:06,2013-01-10 05:46:30,1.0,804.0,7.6,-73.965103,40.591,-73.996964,40.693024,True,,,,,,,,,,,,,
7C1722E153880F1AD29222C1807EBE3B,D0A83FE92D1D170C20BA1A1EA7713027,CMT,1.0,N,2013-01-11 21:57:26,2013-01-11 21:57:33,1.0,6.0,0.0,-73.986946,40.594574,-73.986946,40.59457,True,,,,,,,,,,,,,
E6971EAEC45473B6B351470E8FEE2A06,F226452770DD42E3525859E96F13B349,CMT,1.0,N,2013-01-11 22:35:37,2013-01-11 22:35:37,1.0,595.0,17.0,-73.989738,40.592068,-73.989738,40.592068,True,,,,,,,,,,,,,
E0B315ABFE103A63E919FEB6760209E9,F1FFE893A5E1A06AB540BF43EE1B9A23,CMT,1.0,N,2013-01-16 05:27:59,2013-01-16 05:40:51,1.0,771.0,7.7,-73.965294,40.589329,-73.997032,40.692921,True,,,,,,,,,,,,,
3F29A40A0CD96B79EE0438B70A96F644,9C7560A4C618B9E5219FE4F8BE4F7DE0,CMT,1.0,N,2013-01-12 15:00:57,2013-01-12 15:06:43,1.0,345.0,2.2,-74.003128,40.576969,-73.983353,40.587063,True,,,,,,,,,,,,,
E0B315ABFE103A63E919FEB6760209E9,F1FFE893A5E1A06AB540BF43EE1B9A23,CMT,1.0,N,2013-01-15 05:31:25,2013-01-15 05:44:37,1.0,791.0,7.7,-73.965187,40.590084,-73.996994,40.692963,True,,,,,,,,,,,,,
F10387EA1E58BF976A1D8119D24596F1,F8D67FD518F6EBA4C8692A4EE8B29910,CMT,1.0,N,2013-01-17 18:06:07,2013-01-17 18:42:39,2.0,2191.0,10.8,-73.9804,40.596699,-73.998169,40.713814,True,,,,,,,,,,,,,
E0B315ABFE103A63E919FEB6760209E9,F1FFE893A5E1A06AB540BF43EE1B9A23,CMT,1.0,N,2013-01-17 05:16:59,2013-01-17 05:30:19,1.0,800.0,7.5,-73.965065,40.590977,-73.998657,40.690422,True,,,,,,,,,,,,,
4A60470ADA3FF8ACBADAF00FF047273C,EDC11B861451F8760E149B77F958B15C,CMT,2.0,N,2013-01-17 03:33:51,2013-01-17 03:34:19,1.0,28.0,0.0,-73.970444,40.590752,-73.970444,40.590752,True,,,,,,,,,,,,,
4A60470ADA3FF8ACBADAF00FF047273C,EDC11B861451F8760E149B77F958B15C,CMT,1.0,N,2013-01-17 03:32:54,2013-01-17 03:33:16,1.0,22.0,0.0,-73.970444,40.590752,-73.970444,40.590752,True,,,,,,,,,,,,,
E0B315ABFE103A63E919FEB6760209E9,F1FFE893A5E1A06AB540BF43EE1B9A23,CMT,1.0,N,2013-01-18 05:24:11,2013-01-18 05:38:13,1.0,841.0,7.6,-73.965111,40.59071,-73.997459,40.692013,True,,,,,,,,,,,,,
0BB9A21E40969D85C11E68A12FAD8DDA,A76434E6BA546CA4C6E5122B11E3CDDC,CMT,1.0,N,2013-01-26 23:30:35,2013-01-27 00:04:04,1.0,2008.0,14.9,-73.987572,40.586159,-73.987495,40.586121,True,,,,,,,,,,,,,
7C1722E153880F1AD29222C1807EBE3B,D0A83FE92D1D170C20BA1A1EA7713027,CMT,1.0,N,2013-01-23 12:42:54,2013-01-23 12:42:59,1.0,4.0,0.0,-73.986946,40.594673,-73.986946,40.594673,True,,,,,,,,,,,,,
61F44C93E6A0144B432041EE033F10C5,8C2B396F18B8F173E4FC96813264E4E6,VTS,1.0,,2013-01-24 05:20:00,2013-01-24 05:35:00,6.0,900.0,2.49,-73.967712,40.595451,-74.00827,40.736748,True,,,,,,,,,,,,,
C45D2BBAD3A25089871DA5F370B08644,B6F5C4F1AC9E308EFCFC9778B57DD216,VTS,1.0,,2013-01-21 03:49:00,2013-01-21 03:53:00,2.0,240.0,1.39,-73.967873,40.59544,-73.972267,40.604401,True,,,,,,,,,,,,,
7EDDE36FA99A988397F723511A6065F6,F0EA8FA0C1817D93CE37C4A17A079EBC,VTS,1.0,,2013-01-24 05:04:00,2013-01-24 05:04:00,5.0,0.0,0.0,-73.967384,40.583378,-73.967407,40.583504,True,,,,,,,,,,,,,
9E12B0F5736A23DA3D200DCDA35260AD,AD662950C89BAF768FC2E32BC3CEFF56,VTS,1.0,,2013-01-24 08:05:00,2013-01-24 08:23:00,2.0,1080.0,5.16,-73.966057,40.58466,-74.005257,40.721249,True,,,,,,,,,,,,,
439A7DB5A293D47FC0365501159DC9A2,3D39A0A976FEFDAF307E463D87A3E2B8,VTS,1.0,,2013-01-25 04:12:00,2013-01-25 04:19:00,1.0,420.0,1.45,-73.973984,40.590168,-73.992661,40.603031,True,,,,,,,,,,,,,
6816A8A4203980A7D9B19DA5FA9E845B,B9604CC9DE40F4BF2D2EE3B682FD6692,VTS,1.0,,2013-01-23 22:19:00,2013-01-23 22:21:00,1.0,120.0,0.0,-73.994698,40.594219,-73.99472,40.594204,True,,,,,,,,,,,,,
6C9F67DF658DC5636F9E7752F203F70A,CB01713681025310C50E85DD700A19A9,VTS,1.0,,2013-01-26 14:11:00,2013-01-26 14:40:00,1.0,1740.0,13.06,-73.976028,40.580956,-73.97776,40.684147,True,,,,,,,,,,,,,
B0FF182CB0F7030F0A7EA743E49BA680,7EC1217510F07B232FFDF499E2E31E9B,VTS,1.0,,2013-01-21 22:11:00,2013-01-21 22:22:00,1.0,660.0,2.15,-73.977951,40.572296,-73.956123,40.557194,True,,,,,,,,,,,,,
7A3844D430E31B7A7E5FC2FD5FE1A78D,E6A635E5C128ABF091BC339EFEE557ED,VTS,1.0,,2013-01-27 17:53:00,2013-01-27 18:23:00,2.0,1800.0,13.88,-73.966148,40.576756,-74.017258,40.711315,True,,,,,,,,,,,,,
9E12B0F5736A23DA3D200DCDA35260AD,AD662950C89BAF768FC2E32BC3CEFF56,VTS,1.0,,2013-01-22 08:09:00,2013-01-22 08:14:00,2.0,300.0,0.21,-73.966209,40.584488,-73.966209,40.584488,True,,,,,,,,,,,,,
25D30C3F147DA8A9F454185CD59411D9,4368EDA292D5AE753B3D3CB64E1E7AD9,VTS,2.0,,2013-01-22 18:02:00,2013-01-22 18:38:00,1.0,2160.0,17.67,-73.973724,40.591118,-73.973724,40.591118,True,,,,,,,,,,,,,
11F6666567A80258716669DC497BD5ED,9A6F796102ACE2DBF757898B0EEF4812,VTS,1.0,,2013-01-22 22:29:00,2013-01-22 22:33:00,1.0,240.0,0.7,-73.979393,40.596561,-73.979881,40.603573,True,,,,,,,,,,,,,
9E12B0F5736A23DA3D200DCDA35260AD,AD662950C89BAF768FC2E32BC3CEFF56,VTS,1.0,,2013-01-23 08:05:00,2013-01-23 08:19:00,2.0,840.0,3.81,-73.966019,40.584721,-73.998466,40.695213,True,,,,,,,,,,,,,
9E12B0F5736A23DA3D200DCDA35260AD,AD662950C89BAF768FC2E32BC3CEFF56,VTS,1.0,,2013-01-31 07:51:00,2013-01-31 07:55:00,2.0,240.0,0.79,-73.966049,40.584606,-73.966049,40.584606,True,,,,,,,,,,,,,
C7B6A230875619413F08D3AA1EE78A26,0983989F9D3D4A81AB44B436AAB0EBC7,CMT,1.0,N,2013-01-29 05:15:45,2013-01-29 05:21:20,1.0,334.0,1.6,-73.966949,40.581924,-73.966949,40.581924,True,,,,,,,,,,,,,
C7B6A230875619413F08D3AA1EE78A26,0983989F9D3D4A81AB44B436AAB0EBC7,CMT,1.0,N,2013-01-29 06:11:32,2013-01-29 06:22:14,1.0,641.0,3.4,-73.966949,40.581924,-73.966949,40.581924,True,,,,,,,,,,,,,
91C232C3BFDC86036057494653C55307,CECE2F33F13686FF871713D83BE72BAB,CMT,1.0,N,2013-01-29 22:09:00,2013-01-29 22:23:36,1.0,875.0,3.0,-73.982948,40.573257,-73.982948,40.573257,True,,,,,,,,,,,,,
FB0E9C6498122E383A2D4E2D13A5D3FF,72480497A603A8CCB3052B896904C6ED,CMT,1.0,N,2013-01-28 12:29:00,2013-01-28 12:29:04,1.0,4.0,0.0,-73.970871,40.586086,-73.970871,40.586086,True,,,,,,,,,,,,,
C7B6A230875619413F08D3AA1EE78A26,0983989F9D3D4A81AB44B436AAB0EBC7,CMT,1.0,N,2013-01-29 05:03:37,2013-01-29 05:08:04,2.0,266.0,1.3,-73.966949,40.581924,-73.966949,40.581924,True,,,,,,,,,,,,,
EBFE764C741DC4AC3575E5A55F2FE0FF,2E2F3FCD3FD964FE9F4565C9CDEB8953,CMT,1.0,N,2013-01-31 05:03:46,2013-01-31 05:11:20,1.0,454.0,1.8,-73.974998,40.591694,-73.95224,40.587402,True,,,,,,,,,,,,,
05C055953C367FC0355F444952A71D36,80755B40938C584F3457CF4D712FDD2D,CMT,1.0,N,2013-01-31 16:23:34,2013-01-31 16:42:13,1.0,1119.0,7.8,-73.973701,40.595863,-73.927658,40.626968,True,,,,,,,,,,,,,
8B92CB499DFC80FC3422BC4A05BFA582,0983989F9D3D4A81AB44B436AAB0EBC7,CMT,1.0,Y,2013-01-18 07:46:50,2013-01-18 07:55:29,1.0,519.0,1.7,-73.966949,40.582123,-73.966949,40.582123,True,,,,,,,,,,,,,
8B92CB499DFC80FC3422BC4A05BFA582,0983989F9D3D4A81AB44B436AAB0EBC7,CMT,1.0,N,2013-01-18 08:51:31,2013-01-18 09:18:59,1.0,1648.0,5.1,-73.966949,40.582123,-73.966949,40.582123,True,,,,,,,,,,,,,
8B92CB499DFC80FC3422BC4A05BFA582,0983989F9D3D4A81AB44B436AAB0EBC7,CMT,1.0,N,2013-01-18 10:43:25,2013-01-18 10:54:01,1.0,635.0,1.1,-73.966949,40.582123,-73.966949,40.582123,True,,,,,,,,,,,,,
8B92CB499DFC80FC3422BC4A05BFA582,0983989F9D3D4A81AB44B436AAB0EBC7,CMT,1.0,N,2013-01-18 09:28:03,2013-01-18 09:45:53,1.0,1070.0,3.1,-73.966949,40.582123,-73.966949,40.582123,True,,,,,,,,,,,,,
8B92CB499DFC80FC3422BC4A05BFA582,0983989F9D3D4A81AB44B436AAB0EBC7,CMT,1.0,N,2013-01-18 07:17:27,2013-01-18 07:28:17,1.0,650.0,2.1,-73.966949,40.582123,-73.966949,40.582123,True,,,,,,,,,,,,,
8B92CB499DFC80FC3422BC4A05BFA582,0983989F9D3D4A81AB44B436AAB0EBC7,CMT,1.0,N,2013-01-18 08:24:42,2013-01-18 08:33:23,1.0,520.0,0.7,-73.966949,40.582123,-73.966949,40.582123,True,,,,,,,,,,,,,
2E7374B2849EB39CD8FD19104FAFD89C,F3096E02DE9742F128AEF695FEE0227A,CMT,1.0,N,2013-01-18 18:37:10,2013-01-18 19:07:23,1.0,1813.0,12.0,-73.978622,40.582787,-73.894432,40.637985,True,,,,,,,,,,,,,
2E7374B2849EB39CD8FD19104FAFD89C,F3096E02DE9742F128AEF695FEE0227A,CMT,1.0,N,2013-01-18 18:29:16,2013-01-18 18:33:11,1.0,234.0,2.2,-73.999794,40.596245,-73.967308,40.583439,True,,,,,,,,,,,,,
D511B6A558C1245856B8DE5958C28D42,C361402AE09C8FF3D2F7FEB904772065,CMT,1.0,Y,2013-01-20 09:10:26,2013-01-20 09:24:56,2.0,869.0,3.6,-73.99894,40.594879,-74.027161,40.630562,True,,,,,,,,,,,,,
FB9F14B858C0D913FB7B118720645D76,79E4C93A0134727B92E0805452BDED47,CMT,1.0,N,2013-01-20 18:04:11,2013-01-20 18:09:25,1.0,313.0,0.6,-73.987152,40.585423,-73.987152,40.585423,True,,,,,,,,,,,,,
17110B5A61590CE0F9127666E1968964,DDBF311FE8EFDB00FE65BDC92BFD4F51,CMT,1.0,N,2013-01-20 10:09:42,2013-01-20 10:16:10,1.0,387.0,1.5,-73.965683,40.58894,-73.981331,40.591118,True,,,,,,,,,,,,,
7757408C647BCCCCA3D310F919FFC901,6CE9D76A3898FB908E0E9A7835A8B047,CMT,1.0,N,2013-01-13 01:28:41,2013-01-13 01:34:29,1.0,348.0,2.0,-73.9655,40.595661,-73.948708,40.579842,True,,,,,,,,,,,,,
F10387EA1E58BF976A1D8119D24596F1,F8D67FD518F6EBA4C8692A4EE8B29910,CMT,1.0,N,2013-01-19 13:12:21,2013-01-19 13:42:00,2.0,1779.0,10.8,-73.980453,40.596748,-73.997833,40.713978,True,,,,,,,,,,,,,
AED0EDAC36655C3318E29DB0F258F86A,BF2B6C74F853F5910181B86BA4A200A1,VTS,5.0,,2013-01-09 08:28:00,2013-01-09 08:28:00,1.0,0.0,0.0,-73.980614,40.5895,-73.980606,40.589489,True,,,,,,,,,,,,,
C7BD48E6B5119579926735730F910E7E,DC0388A253A870178B7BE49192B8B787,VTS,1.0,,2013-01-09 18:34:00,2013-01-09 18:40:00,1.0,360.0,1.11,-73.969994,40.592793,-73.958458,40.599483,True,,,,,,,,,,,,,
3A8F38F4E11DAFFFCDD7CB3B68A50134,4819527C203219FAF02B03B89924573D,VTS,1.0,,2013-01-10 12:25:00,2013-01-10 12:40:00,3.0,900.0,0.7,-74.005478,40.587269,-74.00042,40.580734,True,,,,,,,,,,,,,
3A8F38F4E11DAFFFCDD7CB3B68A50134,4819527C203219FAF02B03B89924573D,VTS,1.0,,2013-01-10 12:43:00,2013-01-10 12:52:00,3.0,540.0,1.55,-73.998314,40.579353,-73.990974,40.587185,True,,,,,,,,,,,,,
CC526B14925A9CBB9C9C7DFB761B7D24,70E350897E5887C1F10FFA12F05ABFBD,VTS,5.0,,2013-01-11 01:33:00,2013-01-11 01:34:00,1.0,60.0,0.5,-73.964813,40.593884,-73.96479,40.593739,True,,,,,,,,,,,,,
7A786DEAECF59A0905379713DE18AB85,8697338D95F7B5F1F0F789E7164C0CCD,VTS,1.0,,2013-01-11 17:44:00,2013-01-11 17:49:00,1.0,300.0,2.51,-73.999146,40.596966,-74.033936,40.61248,True,,,,,,,,,,,,,
632A1F7492DD77C1EF640EB9784A281C,65BDDF59F0AC046B74982C2A75266D23,VTS,1.0,,2013-01-12 19:40:00,2013-01-12 19:55:00,2.0,900.0,3.91,-73.967339,40.580456,-73.972565,40.635792,True,,,,,,,,,,,,,
A1820C0C2A66AE0404C695FEA70C5969,522CE80C433AFF0C8A5F4A288B583F39,CMT,1.0,N,2013-01-10 11:50:18,2013-01-10 12:11:53,2.0,1294.0,3.1,-73.98127,40.594215,-73.998367,40.723701,True,,,,,,,,,,,,,
E0B315ABFE103A63E919FEB6760209E9,F1FFE893A5E1A06AB540BF43EE1B9A23,CMT,1.0,N,2013-01-07 05:31:06,2013-01-07 05:44:32,1.0,805.0,7.6,-73.965157,40.591007,-73.997177,40.692677,True,,,,,,,,,,,,,
F963DF46495863AE8F5DB61B3B26D778,3BF03CC49A4037F5E83D4307CC248F85,CMT,1.0,N,2013-01-10 16:06:44,2013-01-10 16:06:47,1.0,3.0,13.2,-73.967201,40.580517,-73.967201,40.580517,True,,,,,,,,,,,,,
F10387EA1E58BF976A1D8119D24596F1,F8D67FD518F6EBA4C8692A4EE8B29910,CMT,1.0,N,2013-01-08 13:43:16,2013-01-08 14:20:02,2.0,2205.0,10.8,-73.980438,40.59676,-73.99765,40.71405,True,,,,,,,,,,,,,
E0B315ABFE103A63E919FEB6760209E9,F1FFE893A5E1A06AB540BF43EE1B9A23,CMT,1.0,N,2013-01-11 05:31:06,2013-01-11 05:44:03,1.0,776.0,7.6,-73.965103,40.590969,-73.996986,40.692921,True,,,,,,,,,,,,,
24EFD2CD0B26E8A633A63E3D4DCBE655,5211C2D0E327E3E2F3D4DA7E4C2B9D2C,CMT,1.0,N,2013-01-24 20:26:46,2013-01-24 20:33:12,2.0,385.0,0.9,-73.964905,40.594151,-73.966675,40.596729,True,,,,,,,,,,,,,
24EFD2CD0B26E8A633A63E3D4DCBE655,5211C2D0E327E3E2F3D4DA7E4C2B9D2C,CMT,1.0,N,2013-01-24 21:56:03,2013-01-24 21:58:55,1.0,172.0,0.5,-73.966057,40.594986,-73.967911,40.598545,True,,,,,,,,,,,,,
24EFD2CD0B26E8A633A63E3D4DCBE655,9EC95F057C945A435B185F0B2D488F5D,CMT,1.0,N,2013-01-25 09:35:51,2013-01-25 09:47:33,1.0,701.0,2.4,-73.972748,40.584969,-73.988243,40.584541,True,,,,,,,,,,,,,
24EFD2CD0B26E8A633A63E3D4DCBE655,9EC95F057C945A435B185F0B2D488F5D,CMT,1.0,N,2013-01-25 11:50:31,2013-01-25 12:04:43,1.0,852.0,3.5,-73.973236,40.595917,-73.98671,40.612957,True,,,,,,,,,,,,,
24EFD2CD0B26E8A633A63E3D4DCBE655,9EC95F057C945A435B185F0B2D488F5D,CMT,1.0,N,2013-01-25 15:55:40,2013-01-25 16:03:50,1.0,490.0,2.5,-74.001358,40.590115,-74.000969,40.567631,True,,,,,,,,,,,,,
24EFD2CD0B26E8A633A63E3D4DCBE655,9EC95F057C945A435B185F0B2D488F5D,CMT,1.0,N,2013-01-25 15:50:03,2013-01-25 15:53:43,1.0,220.0,0.7,-74.008736,40.593662,-74.001289,40.589718,True,,,,,,,,,,,,,
24EFD2CD0B26E8A633A63E3D4DCBE655,AFC02B84756B69D8571C44AFF7ABF7D5,CMT,1.0,N,2013-01-25 19:07:40,2013-01-25 19:14:48,2.0,427.0,0.8,-74.006645,40.561646,-74.00425,40.568726,True,,,,,,,,,,,,,
24EFD2CD0B26E8A633A63E3D4DCBE655,9EC95F057C945A435B185F0B2D488F5D,CMT,1.0,N,2013-01-25 16:07:35,2013-01-25 16:10:02,1.0,146.0,0.7,-74.003174,40.56955,-74.007454,40.575977,True,,,,,,,,,,,,,
24EFD2CD0B26E8A633A63E3D4DCBE655,AFC02B84756B69D8571C44AFF7ABF7D5,CMT,1.0,N,2013-01-25 21:32:49,2013-01-25 21:40:44,2.0,474.0,1.2,-74.009819,40.585152,-74.014748,40.579926,True,,,,,,,,,,,,,
24EFD2CD0B26E8A633A63E3D4DCBE655,AFC02B84756B69D8571C44AFF7ABF7D5,CMT,1.0,N,2013-01-25 19:20:08,2013-01-25 19:40:04,1.0,1196.0,2.6,-74.003563,40.573551,-73.9981,40.587845,True,,,,,,,,,,,,,
A937D06A20CDD2925D35778F8BDCA452,EFAD4980247EB28BB2D1019D9528B21E,CMT,5.0,N,2013-01-26 03:58:06,2013-01-26 03:58:20,1.0,14.0,0.0,-73.987282,40.596798,-73.987282,40.596798,True,,,,,,,,,,,,,
E0B315ABFE103A63E919FEB6760209E9,F1FFE893A5E1A06AB540BF43EE1B9A23,CMT,1.0,N,2013-01-22 05:33:14,2013-01-22 05:46:09,1.0,774.0,7.6,-73.965057,40.59108,-73.997459,40.691895,True,,,,,,,,,,,,,
E0B315ABFE103A63E919FEB6760209E9,F1FFE893A5E1A06AB540BF43EE1B9A23,CMT,1.0,N,2013-01-24 05:32:46,2013-01-24 05:46:15,1.0,809.0,7.6,-73.965446,40.589195,-73.997704,40.691074,True,,,,,,,,,,,,,
E0B315ABFE103A63E919FEB6760209E9,F1FFE893A5E1A06AB540BF43EE1B9A23,CMT,1.0,N,2013-01-23 05:34:50,2013-01-23 05:48:47,1.0,836.0,7.7,-73.965218,40.590157,-73.996986,40.692726,True,,,,,,,,,,,,,
9C7529504DBF25D05C71B54DCC6892D2,E21D5A7D902A9A94FBE276FC67B12AEF,CMT,1.0,N,2013-01-23 06:44:27,2013-01-23 06:47:19,1.0,171.0,1.2,-73.966431,40.584492,-73.966431,40.584492,True,,,,,,,,,,,,,
648EBE2CE9E9A286B36811910D860EBB,4B2171F97AECF8A45C063B475CD867E8,CMT,1.0,Y,2013-01-21 14:38:11,2013-01-21 15:28:21,1.0,3010.0,0.0,-73.978043,40.579571,-73.97477,40.617825,True,,,,,,,,,,,,,
E0B315ABFE103A63E919FEB6760209E9,F1FFE893A5E1A06AB540BF43EE1B9A23,CMT,1.0,N,2013-01-25 05:33:41,2013-01-25 05:46:39,1.0,777.0,7.6,-73.965118,40.590961,-73.99704,40.692699,True,,,,,,,,,,,,,
EF0AE8B6BBD239B3424741BAB551C179,0E35D6E0B0DA88FDC4BD47759C56ED7E,CMT,1.0,Y,2013-01-24 04:33:46,2013-01-24 04:33:49,1.0,3.0,0.0,-73.974609,40.583271,-73.974609,40.583263,True,,,,,,,,,,,,,
24EFD2CD0B26E8A633A63E3D4DCBE655,9EC95F057C945A435B185F0B2D488F5D,CMT,1.0,N,2013-01-25 09:52:25,2013-01-25 09:58:21,1.0,356.0,0.8,-73.988373,40.584499,-73.989647,40.587009,True,,,,,,,,,,,,,
04E6832C7051AABB21E2E784FFCE625C,D1DA0FD14568AA587EA3A0120A70C006,CMT,1.0,N,2013-01-24 21:07:29,2013-01-24 21:19:28,1.0,718.0,3.3,-73.997658,40.576969,-73.982704,40.720203,True,,,,,,,,,,,,,
24EFD2CD0B26E8A633A63E3D4DCBE655,9EC95F057C945A435B185F0B2D488F5D,CMT,1.0,N,2013-01-25 10:02:39,2013-01-25 10:06:32,1.0,232.0,0.7,-73.984612,40.589169,-73.991936,40.591782,True,,,,,,,,,,,,,
24EFD2CD0B26E8A633A63E3D4DCBE655,9EC95F057C945A435B185F0B2D488F5D,CMT,1.0,N,2013-01-25 16:15:49,2013-01-25 16:20:44,1.0,295.0,1.0,-74.013779,40.576233,-74.015434,40.572914,True,,,,,,,,,,,,,
24EFD2CD0B26E8A633A63E3D4DCBE655,AFC02B84756B69D8571C44AFF7ABF7D5,CMT,1.0,N,2013-01-25 23:05:39,2013-01-25 23:12:05,1.0,386.0,1.0,-73.997543,40.567451,-73.985565,40.571609,True,,,,,,,,,,,,,
24EFD2CD0B26E8A633A63E3D4DCBE655,AFC02B84756B69D8571C44AFF7ABF7D5,CMT,1.0,N,2013-01-25 21:03:34,2013-01-25 21:12:15,2.0,521.0,0.9,-74.003845,40.579514,-74.01342,40.583607,True,,,,,,,,,,,,,
24EFD2CD0B26E8A633A63E3D4DCBE655,AFC02B84756B69D8571C44AFF7ABF7D5,CMT,1.0,N,2013-01-25 20:22:56,2013-01-25 20:42:58,1.0,1202.0,1.7,-74.00235,40.58482,-73.995316,40.582527,True,,,,,,,,,,,,,
24EFD2CD0B26E8A633A63E3D4DCBE655,AFC02B84756B69D8571C44AFF7ABF7D5,CMT,1.0,N,2013-01-25 20:46:21,2013-01-25 20:58:19,2.0,718.0,0.6,-73.994492,40.581367,-73.999321,40.579323,True,,,,,,,,,,,,,
24EFD2CD0B26E8A633A63E3D4DCBE655,AFC02B84756B69D8571C44AFF7ABF7D5,CMT,1.0,N,2013-01-25 23:22:23,2013-01-25 23:48:26,1.0,1563.0,7.3,-73.979088,40.5826,-73.937668,40.600132,True,,,,,,,,,,,,,
24EFD2CD0B26E8A633A63E3D4DCBE655,AFC02B84756B69D8571C44AFF7ABF7D5,CMT,1.0,N,2013-01-25 18:15:17,2013-01-25 18:29:40,2.0,863.0,1.7,-74.013046,40.561226,-74.005051,40.569096,True,,,,,,,,,,,,,
24EFD2CD0B26E8A633A63E3D4DCBE655,AFC02B84756B69D8571C44AFF7ABF7D5,CMT,1.0,N,2013-01-25 20:12:12,2013-01-25 20:21:20,1.0,548.0,0.7,-73.999825,40.588169,-74.001945,40.584484,True,,,,,,,,,,,,,
24EFD2CD0B26E8A633A63E3D4DCBE655,AFC02B84756B69D8571C44AFF7ABF7D5,CMT,1.0,N,2013-01-25 18:35:29,2013-01-25 18:46:16,2.0,646.0,1.0,-74.005699,40.572742,-74.01606,40.573124,True,,,,,,,,,,,,,
F10387EA1E58BF976A1D8119D24596F1,F8D67FD518F6EBA4C8692A4EE8B29910,CMT,1.0,N,2013-01-07 13:58:53,2013-01-07 14:39:57,2.0,2463.0,11.6,-73.980545,40.596813,-73.999023,40.713631,True,,,,,,,,,,,,,
02928AFF13D7E2BEA7FC7988527965F5,78F3E4885288384F944EF0E1DDB01DC2,VTS,1.0,,2013-02-01 16:29:00,2013-02-01 16:36:00,4.0,420.0,1.25,-73.990196,40.584789,-73.971382,40.582123,True,,,,,,,,,,,,,
02928AFF13D7E2BEA7FC7988527965F5,78F3E4885288384F944EF0E1DDB01DC2,VTS,1.0,,2013-02-01 16:23:00,2013-02-01 16:27:00,4.0,240.0,0.42,-73.991776,40.580101,-73.988342,40.584419,True,,,,,,,,,,,,,
E12B76291A4DF127D45655362C618FA8,56A8AAA9146D3289B9B936E3BE6B2238,VTS,1.0,,2013-02-02 06:42:00,2013-02-02 07:04:00,6.0,1320.0,13.22,-73.974335,40.580078,-73.980545,40.579395,True,,,,,,,,,,,,,
61F44C93E6A0144B432041EE033F10C5,8C2B396F18B8F173E4FC96813264E4E6,VTS,1.0,,2013-02-02 17:23:00,2013-02-02 17:45:00,6.0,1320.0,6.39,-73.968582,40.591759,-73.968582,40.591759,True,,,,,,,,,,,,,
6A93FF15889040D91669E5C305F229E5,781ED68D9C030D2DD1A363CB0711AE02,VTS,1.0,,2013-02-07 08:35:00,2013-02-07 08:41:00,6.0,360.0,1.43,-73.966621,40.58345,-73.966225,40.602337,True,,,,,,,,,,,,,
C962E6539EB9A4765F68C57BE163A10F,BAAA149B15102F4B4B72DCAC3E09E446,VTS,1.0,,2013-02-12 09:00:00,2013-02-12 09:07:00,1.0,420.0,0.88,-73.978355,40.592548,-73.974281,40.589115,True,,,,,,,,,,,,,
EAC0BC05C94DF52D4EDFF28BC806FFE3,06973DFC57321B7D5657FD169CB38149,VTS,1.0,,2013-02-15 22:38:00,2013-02-15 22:51:00,1.0,780.0,8.3,-73.969513,40.590622,-74.022438,40.637383,True,,,,,,,,,,,,,
BA5E4104F2476174ED8534EB698D4B7B,5CB40B2914B9D80670F4C2A3357736AD,VTS,1.0,,2013-02-16 05:04:00,2013-02-16 05:16:00,2.0,720.0,3.15,-73.991272,40.593952,-73.96312,40.614262,True,,,,,,,,,,,,,
D36AC3B2C6434FC95BA42D48C9938A37,37D0D0FCDE5041A32AA6D48867F7AB9B,VTS,1.0,,2013-02-12 22:39:00,2013-02-12 23:11:00,1.0,1920.0,9.89,-74.012291,40.595245,-73.980225,40.670509,True,,,,,,,,,,,,,
E74B118B9953930D92C8B3F3B69E9E13,1D41075E8EA79258E792C423E950C991,VTS,1.0,,2013-02-13 00:36:00,2013-02-13 00:54:00,1.0,1080.0,13.45,-73.974403,40.588085,-73.834496,40.672459,True,,,,,,,,,,,,,
11C915EBB29A62EB095DFB50CF308AC0,56C56A5199F9A014C0904392A97CD6B5,VTS,1.0,,2013-02-13 08:56:00,2013-02-13 09:02:00,1.0,360.0,0.64,-74.002563,40.593964,-73.929657,40.607529,True,,,,,,,,,,,,,
B6EA16667573BC4128A52741FEC5E703,BA510F229E9E7E2925B098D89BD85113,VTS,1.0,,2013-02-13 13:31:00,2013-02-13 13:34:00,1.0,180.0,0.54,-74.006638,40.558674,-74.005455,40.554974,True,,,,,,,,,,,,,
082AE0EDA31D370CBD83172C10B80697,61EA88EC57094E1AA182D4E0D54F36D0,VTS,1.0,,2013-02-17 02:57:00,2013-02-17 02:59:00,1.0,120.0,0.0,-73.995743,40.59304,-73.980888,40.582947,True,,,,,,,,,,,,,
597E538F8E65F601A92EDFF912E90D01,5699C08889AF74E78889FD328D0077A6,VTS,1.0,,2013-02-17 03:55:00,2013-02-17 03:56:00,2.0,60.0,0.19,-73.987762,40.585625,-73.986633,40.583607,True,,,,,,,,,,,,,
D79D2C8C83066AF716A497842BB33817,A2AB59B1DBAB1A0157369F1D63529C2F,VTS,1.0,,2013-02-13 22:00:00,2013-02-13 22:20:00,1.0,1200.0,4.17,-73.972603,40.583332,-74.00531,40.709255,True,,,,,,,,,,,,,
4DC3097F7665EC13A98FB46087DD47B1,F0C7071DE6E167DEDD27BAEB93EB8840,VTS,1.0,,2013-02-17 05:05:00,2013-02-17 05:15:00,1.0,600.0,2.72,-73.981567,40.576675,-73.947327,40.588753,True,,,,,,,,,,,,,
E12AAA89CF4777BC0E72510515F57BD1,E62FA119A928D527869BDAF32387CCD7,VTS,1.0,,2013-02-17 04:44:00,2013-02-17 05:20:00,5.0,2160.0,2.93,-73.996033,40.573269,-73.986549,40.58297,True,,,,,,,,,,,,,
6E9AE8B56D68D2AD6731DDB16B74EE3B,8835A983A603F20AA2677DA7CA20E2F6,VTS,1.0,,2013-02-17 08:43:00,2013-02-17 08:47:00,3.0,240.0,2.43,-73.992851,40.589367,-73.966721,40.583611,True,,,,,,,,,,,,,
5B41CD24B897DC1D783660CDC7B7657A,625CB6319EA7F884FA40F58288D891F1,VTS,1.0,,2013-02-17 11:25:00,2013-02-17 11:40:00,1.0,900.0,0.47,-73.98452,40.588863,-73.938072,40.596344,True,,,,,,,,,,,,,
C83DF3CC3305EDE444602B47D6BE2852,79DE5F39C55D0A9F9118A0C83D69A589,VTS,1.0,,2013-02-20 23:39:00,2013-02-20 23:46:00,2.0,420.0,0.89,-73.97374,40.586357,-73.97316,40.574364,True,,,,,,,,,,,,,
C83DF3CC3305EDE444602B47D6BE2852,79DE5F39C55D0A9F9118A0C83D69A589,VTS,1.0,,2013-02-20 23:49:00,2013-02-20 23:57:00,1.0,480.0,1.2,-73.975601,40.573181,-73.957176,40.579189,True,,,,,,,,,,,,,
13C1BCFC3B73B6ADBA4212B1CC7AA615,20ED5F2589A40E8369E552EA9EFB763C,VTS,1.0,,2013-02-23 02:43:00,2013-02-23 03:15:00,2.0,1920.0,14.29,-73.987823,40.574631,-73.956551,40.674171,True,,,,,,,,,,,,,
346EFAAF632D494C11B5E4519C36C294,C3B8E1ADF8ECFF511C38B9330D112051,VTS,1.0,,2013-02-23 10:47:00,2013-02-23 10:59:00,1.0,720.0,2.87,-73.9673,40.581345,-73.944649,40.612019,True,,,,,,,,,,,,,
211BE2B5A5FA9A2F2B35CE514C0469EB,E634DA8114125D179B7920FC6F893C9D,VTS,1.0,,2013-02-19 00:06:00,2013-02-19 00:10:00,1.0,240.0,1.03,-73.967018,40.580479,-73.957764,40.587593,True,,,,,,,,,,,,,
61F95A60C23F8A914394C0A9B1302210,EB4973802FFBB794E028292726BB7142,VTS,1.0,,2013-02-22 23:46:00,2013-02-22 23:50:00,1.0,240.0,1.08,-73.967438,40.580505,-73.95594,40.587784,True,,,,,,,,,,,,,
70EADD8E2D7952E8A5476DD3F647D3F0,6A02AAD3D40862643B4E09B2E739E7A8,VTS,1.0,,2013-02-20 00:57:00,2013-02-20 00:59:00,5.0,120.0,0.5,-73.971504,40.583378,-73.960289,40.583317,True,,,,,,,,,,,,,
96D97541155028A835417A6962E6EF18,ED659E6025D5FD02BB56EAB10D14335B,VTS,1.0,,2013-02-20 23:07:00,2013-02-20 23:12:00,1.0,300.0,1.15,-73.992065,40.575333,-73.999336,40.580414,True,,,,,,,,,,,,,
974CEB992FB574CA3852AD7AA681E519,C941BD538BC60D361F9A2C2AC49086AA,VTS,1.0,,2013-02-21 07:01:00,2013-02-21 07:09:00,2.0,480.0,0.99,-73.989128,40.596413,-73.989128,40.596413,True,,,,,,,,,,,,,
974CEB992FB574CA3852AD7AA681E519,C941BD538BC60D361F9A2C2AC49086AA,VTS,1.0,,2013-02-21 07:13:00,2013-02-21 07:30:00,1.0,1020.0,5.22,-73.989128,40.596413,-74.014481,40.711136,True,,,,,,,,,,,,,
C82249C67D41B32F8F34303381505A4B,908C9DFBBED5E75EBF0061A38D2E9C54,VTS,5.0,,2013-02-24 07:22:00,2013-02-24 07:23:00,1.0,60.0,0.0,-73.990166,40.576523,-73.990158,40.57653,True,,,,,,,,,,,,,
7A40C51A8AABD8A3454595789CB4CD5E,DCA57BE9CD98F9A1DA9F206F85AE25A4,VTS,1.0,,2013-02-24 11:00:00,2013-02-24 11:02:00,1.0,120.0,0.86,-73.966652,40.584412,-73.969681,40.584007,True,,,,,,,,,,,,,
5455D5FF2BD94D10B304A15D4B7F2735,8DCA9421CE812F7A3176975C8E265D33,VTS,1.0,,2013-02-23 06:51:00,2013-02-23 06:52:00,1.0,60.0,0.4,-73.974945,40.596287,-73.983238,40.60376,True,,,,,,,,,,,,,
90444DF112C5770C8C82DE2A7930C69B,93C04060BF2DD355E09EF548F256626C,CMT,1.0,N,2013-02-25 22:38:00,2013-02-25 22:52:19,1.0,859.0,3.6,-73.968163,40.583958,-73.968163,40.583958,True,,,,,,,,,,,,,
90444DF112C5770C8C82DE2A7930C69B,93C04060BF2DD355E09EF548F256626C,CMT,1.0,N,2013-02-25 22:20:26,2013-02-25 22:31:03,1.0,637.0,1.3,-73.968163,40.583958,-73.968163,40.583958,True,,,,,,,,,,,,,
4A05D2CE2B3DE8311E71D9DED8E5BAE4,9822A1ABFA338C96FEB2B77F7C0D8B78,CMT,1.0,N,2013-02-27 01:29:41,2013-02-27 01:38:25,1.0,523.0,2.0,-73.973389,40.596951,-73.934685,40.6012,True,,,,,,,,,,,,,
E0B315ABFE103A63E919FEB6760209E9,F1FFE893A5E1A06AB540BF43EE1B9A23,CMT,1.0,N,2013-02-25 05:32:37,2013-02-25 05:45:17,1.0,760.0,7.7,-73.965515,40.58923,-73.997459,40.691929,True,,,,,,,,,,,,,
D683919B45F5F0CAE9452DD632B2C921,12525AD75B342B48CD0035DACF51EAD4,CMT,1.0,Y,2013-02-26 04:09:17,2013-02-26 04:15:39,1.0,382.0,1.8,-73.966682,40.584618,-73.989967,40.57402,True,,,,,,,,,,,,,
90444DF112C5770C8C82DE2A7930C69B,93C04060BF2DD355E09EF548F256626C,CMT,1.0,N,2013-02-25 23:15:25,2013-02-25 23:23:55,1.0,510.0,2.4,-73.968163,40.583958,-73.968163,40.583958,True,,,,,,,,,,,,,
90444DF112C5770C8C82DE2A7930C69B,93C04060BF2DD355E09EF548F256626C,CMT,1.0,N,2013-02-25 22:05:37,2013-02-25 22:12:34,1.0,417.0,0.9,-73.968163,40.583958,-73.968163,40.583958,True,,,,,,,,,,,,,
E0B315ABFE103A63E919FEB6760209E9,F1FFE893A5E1A06AB540BF43EE1B9A23,CMT,1.0,N,2013-02-28 05:30:48,2013-02-28 05:44:09,1.0,800.0,7.6,-73.965424,40.589333,-73.997665,40.691429,True,,,,,,,,,,,,,
0780A2BEC42CC748CE25722ACD85858B,B7ADBF2735020CBF3F3ADB0B57629F1B,CMT,1.0,Y,2013-02-25 16:07:58,2013-02-25 16:08:07,1.0,9.0,0.0,-73.982132,40.579235,-73.982315,40.579212,True,,,,,,,,,,,,,
6BCA6CE04F3A2391FCA2CACC1EEB3CD3,0A6B1D82FA9DBD4907CC796929DD5BC4,VTS,1.0,,2013-02-26 22:55:00,2013-02-26 23:06:00,5.0,660.0,5.82,-73.966835,40.576607,-74.030205,40.618271,True,,,,,,,,,,,,,
E53A4C7E42EEF65BEF49F0E59C598489,D52C0270911D7DCD821BFEE3CCB652FA,CMT,1.0,N,2013-02-07 22:02:39,2013-02-07 22:13:18,1.0,638.0,2.6,-73.972961,40.589542,-73.943253,40.607166,True,,,,,,,,,,,,,
BD34A40EDD5DC5368B0501F704E952E7,3CE8B35F403003871B2F8120C3920705,VTS,1.0,,2013-02-28 08:13:00,2013-02-28 08:33:00,2.0,1200.0,3.53,-73.99205,40.591202,-73.99205,40.591202,True,,,,,,,,,,,,,
BD34A40EDD5DC5368B0501F704E952E7,3CE8B35F403003871B2F8120C3920705,VTS,1.0,,2013-02-28 09:02:00,2013-02-28 09:17:00,2.0,900.0,1.16,-73.99205,40.591202,-73.99205,40.591202,True,,,,,,,,,,,,,
BD34A40EDD5DC5368B0501F704E952E7,3CE8B35F403003871B2F8120C3920705,VTS,1.0,,2013-02-28 09:44:00,2013-02-28 09:53:00,1.0,540.0,0.67,-73.99205,40.591202,-73.99205,40.591202,True,,,,,,,,,,,,,
BD34A40EDD5DC5368B0501F704E952E7,3CE8B35F403003871B2F8120C3920705,VTS,1.0,,2013-02-28 09:21:00,2013-02-28 09:41:00,1.0,1200.0,3.19,-73.99205,40.591202,-73.99205,40.591202,True,,,,,,,,,,,,,
BD34A40EDD5DC5368B0501F704E952E7,3CE8B35F403003871B2F8120C3920705,VTS,1.0,,2013-02-28 10:13:00,2013-02-28 10:54:00,2.0,2460.0,13.62,-73.99205,40.591202,-73.99205,40.591202,True,,,,,,,,,,,,,
BD34A40EDD5DC5368B0501F704E952E7,3CE8B35F403003871B2F8120C3920705,VTS,1.0,,2013-02-28 11:40:00,2013-02-28 11:58:00,1.0,1080.0,5.7,-73.99205,40.591202,-73.99205,40.591202,True,,,,,,,,,,,,,
8995D509E86B6F910F8C0E1947FE299A,030F4789E1CFA1C84BD262DC9B027EFA,VTS,1.0,,2013-02-01 04:59:00,2013-02-01 05:03:00,5.0,240.0,1.49,-73.994087,40.59634,-74.008995,40.715816,True,,,,,,,,,,,,,
9E12B0F5736A23DA3D200DCDA35260AD,AD662950C89BAF768FC2E32BC3CEFF56,VTS,1.0,,2013-02-01 07:47:00,2013-02-01 07:56:00,2.0,540.0,1.12,-73.966072,40.584511,-73.966072,40.584511,True,,,,,,,,,,,,,
CEF3D32468307B1DEAD7A6E72A97C8CA,5C124487553E384CEE49DC4F15C6A3BE,VTS,1.0,,2013-02-01 00:01:00,2013-02-01 00:07:00,5.0,360.0,1.24,-73.966957,40.580471,-73.95491,40.590961,True,,,,,,,,,,,,,
02928AFF13D7E2BEA7FC7988527965F5,78F3E4885288384F944EF0E1DDB01DC2,VTS,1.0,,2013-02-01 14:09:00,2013-02-01 14:21:00,6.0,720.0,2.45,-73.99826,40.593369,-74.027222,40.613937,True,,,,,,,,,,,,,
BC4CB3D01850D3EC81B9D7A257D2CB18,AFB9864CAA5AF5244C65ABB20BAA4A3A,VTS,1.0,,2013-02-01 13:32:00,2013-02-01 13:50:00,1.0,1080.0,2.96,-73.969673,40.56274,-73.953812,40.558052,True,,,,,,,,,,,,,
BC4CB3D01850D3EC81B9D7A257D2CB18,AFB9864CAA5AF5244C65ABB20BAA4A3A,VTS,1.0,,2013-02-01 13:27:00,2013-02-01 13:31:00,1.0,240.0,0.65,-73.972427,40.564377,-73.969765,40.562786,True,,,,,,,,,,,,,
BC4CB3D01850D3EC81B9D7A257D2CB18,AFB9864CAA5AF5244C65ABB20BAA4A3A,VTS,1.0,,2013-02-01 13:15:00,2013-02-01 13:22:00,1.0,420.0,0.63,-73.975937,40.569832,-73.975441,40.567059,True,,,,,,,,,,,,,
BC4CB3D01850D3EC81B9D7A257D2CB18,AFB9864CAA5AF5244C65ABB20BAA4A3A,VTS,1.0,,2013-02-01 12:51:00,2013-02-01 13:13:00,1.0,1320.0,3.77,-73.969742,40.585999,-73.975891,40.570244,True,,,,,,,,,,,,,
FD5E3758B9BA80F962A759ED4B1DE76A,AEE76A18103B6878C044B3FAA6103CC6,VTS,1.0,,2013-02-08 15:29:00,2013-02-08 15:35:00,1.0,360.0,1.32,-73.972572,40.577244,-73.960327,40.587822,True,,,,,,,,,,,,,
A1820C0C2A66AE0404C695FEA70C5969,522CE80C433AFF0C8A5F4A288B583F39,CMT,1.0,N,2013-02-07 14:14:07,2013-02-07 14:23:02,2.0,535.0,2.2,-73.982506,40.59584,-74.002563,40.733891,True,,,,,,,,,,,,,
61F44C93E6A0144B432041EE033F10C5,8C2B396F18B8F173E4FC96813264E4E6,VTS,1.0,,2013-02-06 12:22:00,2013-02-06 12:47:00,5.0,1500.0,3.34,-73.974953,40.592087,-73.98909,40.738762,True,,,,,,,,,,,,,
CB7F44666E2DED4CB9BC1BED33B876D7,7FCBE5918B0554B6FBE29AF81EBEC106,CMT,1.0,N,2013-02-10 10:14:22,2013-02-10 10:20:48,1.0,385.0,0.3,-73.964363,40.577438,-73.960747,40.579941,True,,,,,,,,,,,,,
687818D5200C188340DCD5550635358A,871D68AE0C725EF72782554224B0934C,CMT,1.0,N,2013-02-04 17:35:00,2013-02-04 17:48:02,1.0,781.0,2.5,-73.970879,40.590427,-73.955063,40.608582,True,,,,,,,,,,,,,
A1820C0C2A66AE0404C695FEA70C5969,F3A8E7E306E21FB119D7EFD04F732350,CMT,1.0,N,2013-02-08 17:09:40,2013-02-08 17:24:33,1.0,892.0,2.0,-73.97995,40.596203,-73.947861,40.596157,True,,,,,,,,,,,,,
406B9625D430FCA6B2013697CFF32082,3FBD175B621091B8CC4B7E1187539579,CMT,1.0,N,2013-02-09 06:24:37,2013-02-09 06:31:35,1.0,418.0,2.7,-73.967598,40.580276,-73.996895,40.595894,True,,,,,,,,,,,,,
0780A2BEC42CC748CE25722ACD85858B,B7ADBF2735020CBF3F3ADB0B57629F1B,CMT,1.0,N,2013-02-10 09:17:12,2013-02-10 09:35:46,2.0,1113.0,5.1,-73.98394,40.578403,-73.967407,40.634647,True,,,,,,,,,,,,,
AEA61300D876A4B6C689330568808616,4E25DB5CA27C2166493BB34ACFC3ACF7,CMT,1.0,N,2013-02-15 14:23:36,2013-02-15 14:23:40,1.0,3.0,0.0,-73.969482,40.583752,-73.969482,40.583752,True,,,,,,,,,,,,,
CC3EBF81AD3F3B5893C73D43373407FC,EF4D3CDF8869DF34AFFDF92B6EDA9018,CMT,5.0,N,2013-02-16 00:51:05,2013-02-16 00:51:58,1.0,52.0,0.0,-73.977798,40.596523,-73.97773,40.596523,True,,,,,,,,,,,,,
FEDCD6D5155AFA1A31EE28381B4B7C99,CB6930FD41DC36A1057D695A955D7C46,CMT,1.0,Y,2013-02-17 05:16:11,2013-02-17 05:21:10,1.0,299.0,1.6,-74.006302,40.576588,-73.981247,40.575909,True,,,,,,,,,,,,,
03BF54085C92C385889B957D804780D1,5B978BC46ADC710ABBC3AEB9C0E8A0C6,CMT,1.0,N,2013-02-13 10:17:12,2013-02-13 10:43:45,1.0,1592.0,3.9,-73.978928,40.591743,-73.985092,40.613194,True,,,,,,,,,,,,,
5F2F9ED08555B228887B35B23673466B,DCB4EE67B3017884CD6D1A21F9F894DE,CMT,1.0,N,2013-02-13 18:57:22,2013-02-13 19:19:38,1.0,1336.0,4.3,-73.983139,40.583385,-73.983139,40.583385,True,,,,,,,,,,,,,
EC6FB5AA27AB0FE91C176C3CE9D0B75B,47F138F94745A46C37C3366E2F6772A3,CMT,1.0,N,2013-02-12 14:49:54,2013-02-12 15:07:47,2.0,1072.0,7.7,-73.984634,40.57901,-74.011612,40.644051,True,,,,,,,,,,,,,
DEE531C591780D7523CEA0BEF33AE479,9FD0D5CBB8869E4774803038B85C170C,CMT,1.0,N,2013-02-13 20:11:09,2013-02-13 20:18:13,1.0,423.0,0.0,-73.965561,40.578148,-73.965561,40.578148,True,,,,,,,,,,,,,
80A093A813460CD007C455D186419369,790C4A0BFF232A2C0D06226D7F3648A0,CMT,1.0,N,2013-02-13 23:33:00,2013-02-13 23:33:24,1.0,24.0,0.0,-73.970909,40.58437,-73.970909,40.58437,True,,,,,,,,,,,,,
CBAAA9C7A2B8ADF468BA2477E22BD763,D8E1B10E8E0D1F5025D4A1746F459031,CMT,1.0,Y,2013-02-13 22:40:30,2013-02-13 22:46:53,1.0,383.0,1.4,-73.968178,40.579342,-73.988899,40.57526,True,,,,,,,,,,,,,
DEE531C591780D7523CEA0BEF33AE479,9FD0D5CBB8869E4774803038B85C170C,CMT,1.0,N,2013-02-13 20:18:36,2013-02-13 20:36:04,1.0,1047.0,3.1,-73.965561,40.578148,-73.976738,40.611458,True,,,,,,,,,,,,,
17D83A3296FB509454D0FF7D2146D9E2,240D50EA87AE2923405ABE2A5C13584D,CMT,1.0,N,2013-02-13 15:44:24,2013-02-13 15:48:31,4.0,247.0,1.0,-73.982971,40.5784,-73.966965,40.583424,True,,,,,,,,,,,,,
0EF1B1A3745EC0A29E8DE2E1A97ED952,2E22CF83E004E3292BE922E78A415F0C,CMT,1.0,N,2013-02-16 15:05:34,2013-02-16 15:13:18,3.0,464.0,1.7,-73.985497,40.580544,-73.967796,40.576126,True,,,,,,,,,,,,,
595C042803046978D0C427C6CC3E3FD8,0F6AAA5409161E1CC60C7F75156CD032,CMT,1.0,N,2013-02-17 03:38:49,2013-02-17 03:46:00,1.0,431.0,2.3,-73.988007,40.586136,-73.958481,40.599796,True,,,,,,,,,,,,,
2EA8D707C1E96AB31E2AECE28C3BA029,C87FD2D5B29D2DEFDFB38BE19883D401,CMT,1.0,N,2013-02-15 01:20:11,2013-02-15 01:28:41,1.0,510.0,3.1,-73.996117,40.595245,-74.032883,40.619007,True,,,,,,,,,,,,,
872276CA179DF5081194B080ACA8F322,FDED20EC05564DC626165B175BC724E3,CMT,1.0,N,2013-02-17 02:02:12,2013-02-17 02:04:25,1.0,132.0,0.7,-73.988144,40.578674,-74.000999,40.578217,True,,,,,,,,,,,,,
CE6A3613930660B3202458C6F041DB6F,66047AD6A0AE796D2E812307D3E8C24D,CMT,1.0,N,2013-02-22 18:13:10,2013-02-22 18:22:17,1.0,547.0,2.5,-73.9748,40.590481,-73.9748,40.590481,True,,,,,,,,,,,,,
A9B27B4875EED87DEED76D239CF23F3F,B1C69F7376D25624CEEF28B5BF59623B,CMT,1.0,N,2013-02-18 01:20:44,2013-02-18 01:27:37,1.0,413.0,1.2,-73.965126,40.593159,-73.950676,40.594994,True,,,,,,,,,,,,,
2A935F397B9C612D057337170C0F6278,A72DE0DF51D1ABCE483E1AF1BDBB4A94,CMT,1.0,N,2013-02-21 09:32:44,2013-02-21 09:38:09,1.0,325.0,1.4,-73.969055,40.589203,-73.965202,40.60376,True,,,,,,,,,,,,,
E0B315ABFE103A63E919FEB6760209E9,F1FFE893A5E1A06AB540BF43EE1B9A23,CMT,1.0,N,2013-02-19 05:35:34,2013-02-19 05:48:50,1.0,795.0,7.5,-73.964813,40.592701,-73.997009,40.692928,True,,,,,,,,,,,,,
336E7234B5A3C7701DEC781DD9153CD3,114929005EC2DE8EBBFA1566445F50B1,CMT,1.0,N,2013-02-19 04:03:04,2013-02-19 04:03:07,1.0,2.0,0.1,-73.998123,40.595177,-73.998741,40.595551,True,,,,,,,,,,,,,
336E7234B5A3C7701DEC781DD9153CD3,114929005EC2DE8EBBFA1566445F50B1,CMT,1.0,N,2013-02-19 04:02:20,2013-02-19 04:02:21,1.0,1.0,0.1,-73.991989,40.588009,-73.992088,40.588184,True,,,,,,,,,,,,,
336E7234B5A3C7701DEC781DD9153CD3,114929005EC2DE8EBBFA1566445F50B1,CMT,1.0,N,2013-02-19 04:01:16,2013-02-19 04:01:18,1.0,1.0,0.1,-73.978333,40.582741,-73.978828,40.582783,True,,,,,,,,,,,,,
1777494A451DD9EC70E81F1FCCAD78F9,65047669C039C660CC3905D3C1D102F2,CMT,5.0,N,2013-02-20 00:10:24,2013-02-20 00:10:44,1.0,20.0,0.0,-74.010292,40.576454,-74.010292,40.576454,True,,,,,,,,,,,,,
E0B315ABFE103A63E919FEB6760209E9,F1FFE893A5E1A06AB540BF43EE1B9A23,CMT,1.0,N,2013-02-20 05:35:18,2013-02-20 05:48:50,1.0,811.0,7.6,-73.96508,40.591225,-73.997063,40.69294,True,,,,,,,,,,,,,
E0B315ABFE103A63E919FEB6760209E9,F1FFE893A5E1A06AB540BF43EE1B9A23,CMT,1.0,N,2013-02-21 05:31:08,2013-02-21 05:45:10,1.0,841.0,7.7,-73.965195,40.590637,-73.997047,40.692871,True,,,,,,,,,,,,,
E0B315ABFE103A63E919FEB6760209E9,F1FFE893A5E1A06AB540BF43EE1B9A23,CMT,1.0,N,2013-02-22 05:18:45,2013-02-22 05:35:43,1.0,1017.0,6.6,-73.9655,40.589264,-73.99836,40.671661,True,,,,,,,,,,,,,
7F17CAE6AF12E3BD064A8BEB35B4196E,39BABD2833FDAF26FF0FE64D3C37A1B9,CMT,1.0,N,2013-02-22 22:52:29,2013-02-22 22:57:02,1.0,272.0,1.1,-73.967674,40.579998,-73.972839,40.590263,True,,,,,,,,,,,,,
A38C0393DB4A916A99E4B345B2F70D92,B070B2B51BEC25FA5FEC002D8CBE1BC5,CMT,1.0,N,2013-02-24 04:24:39,2013-02-24 04:38:40,1.0,840.0,4.5,-73.966759,40.584648,-73.957397,40.630665,True,,,,,,,,,,,,,
FF40FB8123940D9F96D33EDA1D92A83C,BCC499AE77C7D8E53C0A8B27004D0194,VTS,1.0,,2013-02-05 02:57:00,2013-02-05 03:13:00,5.0,960.0,4.2,-73.979149,40.594677,-73.976822,40.645317,True,,,,,,,,,,,,,
3C002A8E7D00E0AE8554096F1B0DBCB3,ADE7C9F291C407EB5E51460996CFEDBB,VTS,1.0,,2013-02-10 00:06:00,2013-02-10 00:12:00,1.0,360.0,0.88,-73.973656,40.590141,-73.960594,40.589573,True,,,,,,,,,,,,,
630D390996EED8370C1E5494B9EFED1F,81F3F73A7FE43903E480109006994748,VTS,1.0,,2013-02-10 04:01:00,2013-02-10 04:09:00,1.0,480.0,1.75,-73.974022,40.590096,-73.966621,40.576447,True,,,,,,,,,,,,,
70EADD8E2D7952E8A5476DD3F647D3F0,6A02AAD3D40862643B4E09B2E739E7A8,VTS,1.0,,2013-02-08 02:04:00,2013-02-08 02:06:00,6.0,120.0,0.77,-73.992134,40.590984,-73.987976,40.585903,True,,,,,,,,,,,,,
211BE2B5A5FA9A2F2B35CE514C0469EB,E634DA8114125D179B7920FC6F893C9D,VTS,1.0,,2013-02-08 03:50:00,2013-02-08 03:59:00,1.0,540.0,3.04,-73.979675,40.576256,-73.931259,40.585659,True,,,,,,,,,,,,,
50296A056AF5D221536DC98ABB1E3274,5F2572A08E499200B1591D2EECCA7FF8,CMT,1.0,N,2013-02-01 22:15:46,2013-02-01 22:24:01,1.0,494.0,2.8,-73.986053,40.586472,-73.949532,40.587914,True,,,,,,,,,,,,,
1464291EBF2EDF76710EF3477E767D63,B08292B4B30240BD40D7B5228335CA2D,CMT,1.0,N,2013-02-03 03:34:40,2013-02-03 03:48:38,2.0,837.0,8.1,-73.972389,40.586758,-74.02668,40.636951,True,,,,,,,,,,,,,
225990D7A422A89F2C4763593B6DB790,C03C7F65F672FF596F3B24F9DBFD6498,CMT,5.0,N,2013-02-03 04:39:24,2013-02-03 04:40:52,1.0,87.0,12.6,-73.965553,40.591087,-73.965561,40.591084,True,,,,,,,,,,,,,
C8C8C23D652A5708F7D816E314423EDD,28FA0EF99399E876B2C31EC386F8019E,CMT,1.0,N,2013-02-01 17:22:59,2013-02-01 17:33:51,1.0,652.0,2.3,-73.988541,40.573238,-73.952553,40.5839,True,,,,,,,,,,,,,
BA45C337C624F5ABA7A28F251E0E5844,B4CEB8072CFB19C6B6D4E6119C2B02DC,CMT,1.0,N,2013-02-01 20:56:47,2013-02-01 21:03:14,1.0,387.0,1.6,-73.987747,40.585819,-73.973854,40.585796,True,,,,,,,,,,,,,
18B41ABE80B5825E015577966ABA4494,EFA53D97CFD52845D48C5F601EE18500,CMT,1.0,N,2013-02-03 18:03:40,2013-02-03 18:14:26,1.0,646.0,2.0,-73.968292,40.580349,-73.947296,40.577709,True,,,,,,,,,,,,,
7DF16486AECCFB7DB3DA7A33B2DF62D4,A920B28EA3C32A8590232F541BD48F60,VTS,1.0,,2013-02-10 23:43:00,2013-02-10 23:57:00,6.0,840.0,2.06,-73.966614,40.584835,-73.942566,40.691124,True,,,,,,,,,,,,,
7DF16486AECCFB7DB3DA7A33B2DF62D4,A920B28EA3C32A8590232F541BD48F60,VTS,1.0,,2013-02-10 23:11:00,2013-02-10 23:42:00,6.0,1860.0,8.49,-73.966614,40.584835,-73.966614,40.584835,True,,,,,,,,,,,,,
0C3D03822EC2B0DAABC565EF330580E9,7EB3F95BEE146557CED541F10B85F19D,VTS,1.0,,2013/7/10 23:05,2013/7/10 23:28,1.0,1380.0,10.06,-74.002846,40.566666,-73.999268,40.604858,True,,,,,,,,,,,,,
C8C0883037778AB88FA31A0A673DC91F,0A7865362DE225DCD865135FC9FF5F38,VTS,1.0,,2013/7/11 00:36,2013/7/11 01:05,1.0,1740.0,19.13,-73.968788,40.583672,-73.968788,40.583672,True,,,,,,,,,,,,,
8FA6FBF2D595A1080BCCE03FC2C213F7,5D0A7232D333E7C46D580B70EB6A0159,VTS,1.0,,2013/7/13 16:44,2013/7/13 17:00,3.0,960.0,4.4,-73.991508,40.592133,-74.022537,40.629791,True,,,,,,,,,,,,,
7014F71A9976FB75A748841BBBDBBBAD,1C4345D73B566526EC40EB4B71A14F4A,VTS,1.0,,2013/7/13 16:57,2013/7/13 17:06,1.0,540.0,2.31,-74.008278,40.566666,-74.013672,40.715191,True,,,,,,,,,,,,,
664562F3779D4ECF656E0F41B2433034,1AF01A2A190686DA255D23D156D4E022,VTS,5.0,,2013/7/14 05:12,2013/7/14 05:13,1.0,60.0,0.0,-74.003418,40.578003,-74.003426,40.578003,True,,,,,,,,,,,,,
B2346DC1C1CA3D22E4EEE395AFAFD05A,28BB71DAF3F0697681D3CD5D4B24FC8D,VTS,1.0,,2013/7/14 15:26,2013/7/14 15:37,2.0,660.0,2.04,-73.976715,40.575256,-73.950005,40.583416,True,,,,,,,,,,,,,
9FE6F16E40464555E762BEDD5C6B3912,B27684DE3FC1C9F753FF6C7FEF02A891,VTS,1.0,,2013/7/17 01:18,2013/7/17 01:32,1.0,840.0,4.03,-73.974159,40.590103,-74.023109,40.628574,True,,,,,,,,,,,,,
90E3293099E5525D5DB1E01A95D2C757,8BF0E72CAB26DAC5F1BC7E052DC7CF63,VTS,1.0,,2013/7/2 09:29,2013/7/2 09:30,1.0,60.0,0.0,-73.984505,40.581726,-73.984505,40.581726,True,,,,,,,,,,,,,
5582F434AC93D326C7FC38E975652727,7830E56D3BE02A1D3696783DD2BB58EF,VTS,1.0,,2013/7/3 04:15,2013/7/3 04:27,5.0,720.0,4.19,-74.001945,40.562027,-73.936768,40.574123,True,,,,,,,,,,,,,
5582F434AC93D326C7FC38E975652727,7830E56D3BE02A1D3696783DD2BB58EF,VTS,1.0,,2013/7/3 04:45,2013/7/3 05:01,5.0,960.0,5.0,-73.996925,40.573116,-73.997826,40.570614,True,,,,,,,,,,,,,
547A587F87B4F26DBE2FC633A804BEF0,54D83DE935FE4C30BA089F9B57577BF8,VTS,1.0,,2013/7/3 02:40,2013/7/3 02:41,1.0,60.0,0.09,-73.965172,40.595867,-73.965019,40.595165,True,,,,,,,,,,,,,
10D46E92B811173F1EF037AFA030A61D,7716123C59E6C0D69E76A14B79F338C1,VTS,1.0,,2013/7/3 06:48,2013/7/3 07:11,5.0,1380.0,11.72,-73.976074,40.580368,-74.00721,40.72805,True,,,,,,,,,,,,,
ADFB951A22CF94ADEF8E7BF34BF1E3DF,D64C02FE02E796006CD8725834386A32,VTS,1.0,,2013/7/3 13:04,2013/7/3 13:11,1.0,420.0,1.76,-73.964287,40.575581,-73.972084,40.590183,True,,,,,,,,,,,,,
6928548F336AFB109242037B6CD89727,3ABB9D7AB93EC796365E38C741EEBFB0,VTS,1.0,,2013/7/4 04:27,2013/7/4 04:37,1.0,600.0,1.18,-73.970253,40.590736,-73.959724,40.582848,True,,,,,,,,,,,,,
CEA322EA7E96F56511DCF00B15C0B13A,8D3B00098FBCF5CDB2564CE18CA12665,VTS,1.0,,2013/7/4 19:05,2013/7/4 19:36,1.0,1860.0,16.36,-73.978821,40.575474,-73.9851,40.738041,True,,,,,,,,,,,,,
4138664DFDC7A66798F29EEAC8A9A157,CE1BA3866BD1992B5326D34F513E85D9,VTS,1.0,,2013/7/4 23:36,2013/7/5 00:14,1.0,2280.0,9.8,-73.967613,40.576515,-73.935135,40.679371,True,,,,,,,,,,,,,
5455D5FF2BD94D10B304A15D4B7F2735,8B04FDD172957113D26E1178970B2CF3,VTS,1.0,,2013/7/4 22:04,2013/7/4 22:35,1.0,1860.0,13.55,-73.981926,40.576927,-73.846352,40.671745,True,,,,,,,,,,,,,
0BED819B18394BD0E860A27E7D1436D6,63E256D7A06B012A39BB7B5F868FCABA,VTS,1.0,,2013/7/5 00:03,2013/7/5 00:19,1.0,960.0,2.92,-73.973297,40.575085,-73.945709,40.600006,True,,,,,,,,,,,,,
13C1BCFC3B73B6ADBA4212B1CC7AA615,328499EFD5E25833E4E552053363A2E9,VTS,1.0,,2013/7/5 02:19,2013/7/5 03:06,3.0,2820.0,23.1,-73.999939,40.595566,-73.843147,40.673393,True,,,,,,,,,,,,,
CA8926EA877E8025C9A36971FD5372B2,71282ECB72DC87AC999D05847853459F,VTS,1.0,,2013/7/6 16:14,2013/7/6 16:28,4.0,840.0,3.69,-73.993927,40.593582,-73.972588,40.636608,True,,,,,,,,,,,,,
3F3BAFB2BE213B93C849663B195D89BE,3A8F96E6A2DE0EC69110FC913F6C0DE4,VTS,1.0,,2013/7/6 17:00,2013/7/6 17:01,6.0,60.0,0.33,-73.970749,40.592606,-73.96669,40.59185,True,,,,,,,,,,,,,
D664E76309B817E44E2A833E589FA791,A944482E880F834129BAC0B6791AC3A3,VTS,1.0,,2013/7/7 05:30,2013/7/7 05:38,1.0,480.0,1.7,-73.974442,40.596916,-73.963165,40.61256,True,,,,,,,,,,,,,
B30AAC3A6BAB4417C3BE8DA726E422A4,3FBD5BDD4D3EC9F2490FCD9DAB16F2DD,VTS,1.0,,2013/7/7 07:51,2013/7/7 07:54,1.0,180.0,0.83,-73.984398,40.575405,-73.999115,40.572765,True,,,,,,,,,,,,,
E5354E7C09F7AAED5521A0C6EFC8ECC6,0DF136B910E38384A19CEF77D35DE2F7,VTS,1.0,,2013/7/7 12:59,2013/7/7 13:19,2.0,1200.0,5.62,-73.981369,40.575768,-73.957268,40.63591,True,,,,,,,,,,,,,
FED8DEEA16C86B89BE759E636D6A5A83,C6351F6AD5EAFFADC3631915F06CE88F,VTS,1.0,,2013/7/7 17:33,2013/7/7 17:43,1.0,600.0,2.25,-73.972626,40.577183,-73.994484,40.595573,True,,,,,,,,,,,,,
A1820C0C2A66AE0404C695FEA70C5969,4A14E850048E4F709B8C5CC61BF20F05,CMT,1.0,N,2013/7/1 08:07,2013/7/1 08:15,2.0,474.0,1.6,-73.980423,40.582905,-73.980423,40.582905,True,,,,,,,,,,,,,
A1820C0C2A66AE0404C695FEA70C5969,4A14E850048E4F709B8C5CC61BF20F05,CMT,1.0,N,2013/7/1 10:29,2013/7/1 10:35,1.0,384.0,0.9,-73.980423,40.582905,-73.980423,40.582905,True,,,,,,,,,,,,,
A1820C0C2A66AE0404C695FEA70C5969,4A14E850048E4F709B8C5CC61BF20F05,CMT,1.0,N,2013/7/1 10:17,2013/7/1 10:25,1.0,447.0,0.7,-73.980423,40.582905,-73.980423,40.582905,True,,,,,,,,,,,,,
A1820C0C2A66AE0404C695FEA70C5969,4A14E850048E4F709B8C5CC61BF20F05,CMT,1.0,N,2013/7/1 08:36,2013/7/1 08:51,1.0,896.0,2.2,-73.980423,40.582905,-73.980423,40.582905,True,,,,,,,,,,,,,
A1820C0C2A66AE0404C695FEA70C5969,4A14E850048E4F709B8C5CC61BF20F05,CMT,1.0,N,2013/7/1 08:18,2013/7/1 08:28,2.0,607.0,1.6,-73.980423,40.582905,-73.980423,40.582905,True,,,,,,,,,,,,,
A1820C0C2A66AE0404C695FEA70C5969,4A14E850048E4F709B8C5CC61BF20F05,CMT,1.0,N,2013/7/1 08:53,2013/7/1 08:59,1.0,375.0,0.7,-73.980423,40.582905,-73.980423,40.582905,True,,,,,,,,,,,,,
A1820C0C2A66AE0404C695FEA70C5969,4A14E850048E4F709B8C5CC61BF20F05,CMT,1.0,N,2013/7/1 09:04,2013/7/1 09:10,1.0,405.0,0.6,-73.980423,40.582905,-73.980423,40.582905,True,,,,,,,,,,,,,
A1820C0C2A66AE0404C695FEA70C5969,4A14E850048E4F709B8C5CC61BF20F05,CMT,1.0,N,2013/7/1 15:03,2013/7/1 15:18,1.0,896.0,3.0,-73.980423,40.582905,-73.980423,40.582905,True,,,,,,,,,,,,,
A1820C0C2A66AE0404C695FEA70C5969,4A14E850048E4F709B8C5CC61BF20F05,CMT,1.0,N,2013/7/1 11:07,2013/7/1 11:18,1.0,648.0,1.3,-73.980423,40.582905,-73.980423,40.582905,True,,,,,,,,,,,,,
A1820C0C2A66AE0404C695FEA70C5969,4A14E850048E4F709B8C5CC61BF20F05,CMT,1.0,Y,2013/7/1 07:37,2013/7/1 07:49,1.0,696.0,1.8,-73.980423,40.582905,-73.980423,40.582905,True,,,,,,,,,,,,,
A1820C0C2A66AE0404C695FEA70C5969,4A14E850048E4F709B8C5CC61BF20F05,CMT,1.0,N,2013/7/1 11:19,2013/7/1 11:30,1.0,660.0,1.5,-73.980423,40.582905,-73.980423,40.582905,True,,,,,,,,,,,,,
A1820C0C2A66AE0404C695FEA70C5969,4A14E850048E4F709B8C5CC61BF20F05,CMT,1.0,N,2013/7/1 09:32,2013/7/1 09:55,1.0,1374.0,1.6,-73.980423,40.582905,-73.980423,40.582905,True,,,,,,,,,,,,,
A1820C0C2A66AE0404C695FEA70C5969,4A14E850048E4F709B8C5CC61BF20F05,CMT,1.0,N,2013/7/1 13:50,2013/7/1 13:59,1.0,554.0,1.0,-73.980423,40.582905,-73.980423,40.582905,True,,,,,,,,,,,,,
A1820C0C2A66AE0404C695FEA70C5969,4A14E850048E4F709B8C5CC61BF20F05,CMT,1.0,N,2013/7/1 14:44,2013/7/1 14:55,2.0,670.0,1.3,-73.980423,40.582905,-73.980423,40.582905,True,,,,,,,,,,,,,
A1820C0C2A66AE0404C695FEA70C5969,4A14E850048E4F709B8C5CC61BF20F05,CMT,1.0,N,2013/7/1 15:22,2013/7/1 15:42,1.0,1216.0,1.4,-73.980423,40.582905,-73.980423,40.582905,True,,,,,,,,,,,,,
DC60F5C075F3017F01A10E43778FF16C,B0084D97947130CF65068DBF81FB1FF3,CMT,1.0,N,2013/7/2 08:17,2013/7/2 08:38,1.0,1285.0,7.2,-73.976692,40.587578,-73.980606,40.576923,True,,,,,,,,,,,,,
A1820C0C2A66AE0404C695FEA70C5969,4A14E850048E4F709B8C5CC61BF20F05,CMT,1.0,N,2013/7/1 14:03,2013/7/1 14:22,1.0,1108.0,2.8,-73.980423,40.582905,-73.980423,40.582905,True,,,,,,,,,,,,,
DC60F5C075F3017F01A10E43778FF16C,B0084D97947130CF65068DBF81FB1FF3,CMT,1.0,N,2013/7/2 08:43,2013/7/2 08:53,1.0,636.0,1.3,-73.980606,40.576923,-73.980606,40.576923,True,,,,,,,,,,,,,
DC60F5C075F3017F01A10E43778FF16C,B0084D97947130CF65068DBF81FB1FF3,CMT,1.0,N,2013/7/2 08:56,2013/7/2 09:10,1.0,820.0,0.6,-73.980606,40.576923,-73.980606,40.576923,True,,,,,,,,,,,,,
66FF15C9D7FCB6C429821DF00FABE051,B16A456D9AE7B5EFC190170EC8292409,VTS,1.0,,2013/7/19 15:07,2013/7/19 15:24,1.0,1020.0,3.55,-73.972916,40.579437,-73.926476,40.593967,True,,,,,,,,,,,,,
C72C140F3B265A08BA525AD4586D40DB,3234F1BBA2BAF23937B3A5772C590832,VTS,1.0,,2013/7/19 20:43,2013/7/19 21:03,5.0,1200.0,4.9,-73.966202,40.576958,-74.004166,40.629456,True,,,,,,,,,,,,,
5604C0095F4EE50BA649A332F165AAEA,CBF6668792165DB7727A5E8511DF85C4,VTS,1.0,,2013/7/20 05:16,2013/7/20 05:17,1.0,60.0,0.0,-73.970375,40.587112,-73.970337,40.587109,True,,,,,,,,,,,,,
8F26F4F3008E69F65A0E2165AF9E48E3,0DA4794D5E20F44840A543F3CCC621D4,VTS,1.0,,2013/7/21 04:44,2013/7/21 04:47,1.0,180.0,1.49,-73.974388,40.588547,-73.96183,40.581577,True,,,,,,,,,,,,,
43EE741BA1397FECCE21070A51723179,FA232B96BDFE1CA817E6F064CCBA4E2E,VTS,1.0,,2013/7/22 00:47,2013/7/22 01:17,2.0,1800.0,16.58,-73.979691,40.575493,-74.005066,40.726425,True,,,,,,,,,,,,,
58F0A759DE31D5457D5F9C2408D362AB,D99501CFC69EC01438DAC5B6EAC2045E,VTS,1.0,,2013/7/22 01:15,2013/7/22 01:16,1.0,60.0,0.71,-73.972984,40.582821,-73.971123,40.583126,True,,,,,,,,,,,,,
C72CFE50B67A49F0D71D87B8306E82E6,E8CBA1D61E14A41026C1216F6A5BEAE6,VTS,1.0,,2013/7/23 23:40,2013/7/23 23:40,1.0,0.0,0.7,-73.99102,40.575909,-74.000427,40.573467,True,,,,,,,,,,,,,
DCD53B734DC01B1FBA28223094424383,712528DC51BF2AC92C60D828B754E4CB,VTS,1.0,,2013/7/25 19:00,2013/7/25 19:07,2.0,420.0,1.02,-73.967911,40.58057,-73.955948,40.57777,True,,,,,,,,,,,,,
5BF51C14536C375840BC1C2D8E78D4CF,30728441949482FEFD8ABDF53B0BE657,VTS,1.0,,2013/7/26 11:20,2013/7/26 11:29,1.0,540.0,3.73,-73.967751,40.579426,-73.983391,40.605465,True,,,,,,,,,,,,,
5718B866198EF35B5AB0DC3BAEA26913,93F36149339580F19BA2B87C6BBB39F9,VTS,1.0,,2013/7/27 21:04,2013/7/27 21:14,5.0,600.0,3.84,-73.981285,40.575871,-73.932716,40.584042,True,,,,,,,,,,,,,
CA188792AF4784FD23D9C457C8A1849D,EE7C4D47A657A318B4AA8C3F4FE8ABF0,CMT,1.0,N,2013/7/7 13:34,2013/7/7 14:07,1.0,1983.0,8.6,-73.968178,40.576443,-73.981445,40.690071,True,,,,,,,,,,,,,
E0B315ABFE103A63E919FEB6760209E9,F1FFE893A5E1A06AB540BF43EE1B9A23,CMT,1.0,N,2013/7/1 05:33,2013/7/1 05:46,1.0,766.0,7.6,-73.964943,40.590824,-73.996468,40.690807,True,,,,,,,,,,,,,
2697C7270FC00E427AFE8DFBB0964FC5,1F4ABACB3A2E38D00C2A92C3AEE5C7DC,CMT,1.0,N,2013/7/1 00:40,2013/7/1 00:47,2.0,413.0,1.3,-73.985039,40.579395,-73.983231,40.693756,True,,,,,,,,,,,,,
A1820C0C2A66AE0404C695FEA70C5969,4A14E850048E4F709B8C5CC61BF20F05,CMT,1.0,N,2013/7/1 07:17,2013/7/1 07:31,1.0,821.0,1.7,-73.980423,40.582905,-73.980423,40.582905,True,,,,,,,,,,,,,
A1820C0C2A66AE0404C695FEA70C5969,4A14E850048E4F709B8C5CC61BF20F05,CMT,1.0,N,2013/7/1 12:41,2013/7/1 12:48,1.0,431.0,1.5,-73.980423,40.582905,-73.980423,40.582905,True,,,,,,,,,,,,,
A1820C0C2A66AE0404C695FEA70C5969,4A14E850048E4F709B8C5CC61BF20F05,CMT,1.0,N,2013/7/1 12:32,2013/7/1 12:39,1.0,374.0,1.1,-73.980423,40.582905,-73.980423,40.582905,True,,,,,,,,,,,,,
A1820C0C2A66AE0404C695FEA70C5969,4A14E850048E4F709B8C5CC61BF20F05,CMT,1.0,N,2013/7/1 08:01,2013/7/1 08:05,1.0,189.0,1.0,-73.980423,40.582905,-73.980423,40.582905,True,,,,,,,,,,,,,
A1820C0C2A66AE0404C695FEA70C5969,4A14E850048E4F709B8C5CC61BF20F05,CMT,1.0,N,2013/7/1 14:25,2013/7/1 14:33,1.0,461.0,1.4,-73.980423,40.582905,-73.980423,40.582905,True,,,,,,,,,,,,,
A1820C0C2A66AE0404C695FEA70C5969,4A14E850048E4F709B8C5CC61BF20F05,CMT,1.0,N,2013/7/1 09:57,2013/7/1 10:12,1.0,892.0,2.6,-73.980423,40.582905,-73.980423,40.582905,True,,,,,,,,,,,,,
A1820C0C2A66AE0404C695FEA70C5969,4A14E850048E4F709B8C5CC61BF20F05,CMT,1.0,N,2013/7/1 09:12,2013/7/1 09:22,1.0,589.0,1.4,-73.980423,40.582905,-73.980423,40.582905,True,,,,,,,,,,,,,
A1820C0C2A66AE0404C695FEA70C5969,4A14E850048E4F709B8C5CC61BF20F05,CMT,1.0,N,2013/7/1 12:53,2013/7/1 12:55,1.0,130.0,0.5,-73.980423,40.582905,-73.980423,40.582905,True,,,,,,,,,,,,,
A1820C0C2A66AE0404C695FEA70C5969,4A14E850048E4F709B8C5CC61BF20F05,CMT,1.0,N,2013/7/1 13:05,2013/7/1 13:09,2.0,212.0,0.8,-73.980423,40.582905,-73.980423,40.582905,True,,,,,,,,,,,,,
A1820C0C2A66AE0404C695FEA70C5969,4A14E850048E4F709B8C5CC61BF20F05,CMT,1.0,N,2013/7/1 13:32,2013/7/1 13:47,1.0,895.0,1.5,-73.980423,40.582905,-73.980423,40.582905,True,,,,,,,,,,,,,
A1820C0C2A66AE0404C695FEA70C5969,4A14E850048E4F709B8C5CC61BF20F05,CMT,1.0,N,2013/7/1 13:12,2013/7/1 13:20,1.0,467.0,0.5,-73.980423,40.582905,-73.980423,40.582905,True,,,,,,,,,,,,,
A1820C0C2A66AE0404C695FEA70C5969,4A14E850048E4F709B8C5CC61BF20F05,CMT,1.0,N,2013/7/1 13:22,2013/7/1 13:30,2.0,458.0,0.6,-73.980423,40.582905,-73.980423,40.582905,True,,,,,,,,,,,,,
A1820C0C2A66AE0404C695FEA70C5969,4A14E850048E4F709B8C5CC61BF20F05,CMT,1.0,N,2013/7/1 11:46,2013/7/1 12:20,1.0,2036.0,5.0,-73.980423,40.582905,-73.980423,40.582905,True,,,,,,,,,,,,,
A1820C0C2A66AE0404C695FEA70C5969,4A14E850048E4F709B8C5CC61BF20F05,CMT,1.0,N,2013/7/1 11:34,2013/7/1 11:44,1.0,575.0,1.2,-73.980423,40.582905,-73.980423,40.582905,True,,,,,,,,,,,,,
E0B315ABFE103A63E919FEB6760209E9,F1FFE893A5E1A06AB540BF43EE1B9A23,CMT,1.0,N,2013/7/2 05:33,2013/7/2 05:47,1.0,819.0,7.7,-73.965134,40.590767,-73.994743,40.690311,True,,,,,,,,,,,,,
E0B315ABFE103A63E919FEB6760209E9,F1FFE893A5E1A06AB540BF43EE1B9A23,CMT,1.0,N,2013/7/3 05:32,2013/7/3 05:47,1.0,851.0,7.7,-73.965233,40.590698,-73.995033,40.690414,True,,,,,,,,,,,,,
D3E98EC047C899F4FEBCBD583927D7B9,9B4A87D256F9FF9C0A789F0275A571DA,CMT,1.0,N,2013/7/4 10:56,2013/7/4 11:03,3.0,450.0,1.5,-73.97953,40.575672,-73.998535,40.572903,True,,,,,,,,,,,,,
B0BA39D390D7A9FA1939FF4666EBF25D,AD16B76ED2F6A1A7A0C91738DF8A3625,CMT,1.0,N,2013/7/4 14:23,2013/7/4 14:52,1.0,1776.0,14.9,-73.967186,40.582111,-73.988029,40.722713,True,,,,,,,,,,,,,
FE637677F22C46050FCEC4E93E8ABACF,53E1CB6011CDD264ABF735231FA7CFAD,CMT,1.0,N,2013/7/4 11:23,2013/7/4 11:44,1.0,1273.0,1.0,-73.982704,40.575478,-73.984848,40.576935,True,,,,,,,,,,,,,
C8A5A445CD4CDAF92C29939458FD7C22,3E25A622C0FD509E34D7C58371A455C6,CMT,1.0,N,2013/7/4 00:39,2013/7/4 00:42,1.0,208.0,0.6,-73.966331,40.585602,-73.964203,40.580994,True,,,,,,,,,,,,,
B9C7BACC0F4FD8C56CB71ED29225DD6C,2DA1670106D1FB373EC896E5F72BEC8C,CMT,1.0,N,2013/7/4 14:54,2013/7/4 14:59,1.0,292.0,0.9,-73.966873,40.584427,-73.97316,40.574806,True,,,,,,,,,,,,,
E0B315ABFE103A63E919FEB6760209E9,F1FFE893A5E1A06AB540BF43EE1B9A23,CMT,1.0,N,2013/7/5 05:30,2013/7/5 05:43,1.0,744.0,7.6,-73.965195,40.590916,-73.996208,40.690769,True,,,,,,,,,,,,,
E697DA344D784264D7AE99F52FF451FC,C7DF5415AF25E0A2D41C51302C9838C1,CMT,1.0,N,2013/7/4 22:56,2013/7/4 23:06,1.0,626.0,2.9,-73.990074,40.585194,-73.976028,40.60841,True,,,,,,,,,,,,,
0B14A808CCC1A3F22F1DAFC97F67FC77,BEC578DC2483869BA7166498CF14A6B7,CMT,1.0,Y,2013/7/5 01:16,2013/7/5 01:27,1.0,181.0,5.3,-73.993408,40.58971,-73.943062,40.607487,True,,,,,,,,,,,,,
4257B6609B36079DF301A16854A95F8A,E5336AEB57D34465B7691C60A4054CE7,CMT,1.0,N,2013/7/5 11:03,2013/7/5 11:24,1.0,1272.0,5.1,-73.978424,40.592373,-73.96077,40.647312,True,,,,,,,,,,,,,
79C80387CED59C6599ECD8B1C332E515,AFA1B1047F356185E7DD86659EA5966D,CMT,1.0,N,2013/7/6 00:41,2013/7/6 00:42,1.0,18.0,0.0,-73.988075,40.586262,-73.988075,40.586262,True,,,,,,,,,,,,,
09C6A58617D39C6AF257965FE1EADADD,976B8E20D1E0BCDA37E8314FDB8047DC,CMT,1.0,N,2013/7/6 01:00,2013/7/6 01:05,1.0,290.0,1.1,-73.97776,40.5923,-73.988617,40.603531,True,,,,,,,,,,,,,
6817DAB7FE402A830E3A095CC9429AD8,A14E93069747B759208DDAED8C3E85E6,CMT,1.0,N,2013/7/6 05:30,2013/7/6 05:35,2.0,325.0,1.2,-73.966263,40.586571,-73.959709,40.579433,True,,,,,,,,,,,,,
AE707F20D8C4B5F844FB2EF2AF281D40,FD8B688D40CA655CB79D62F77D4103E4,CMT,1.0,N,2013/7/6 17:34,2013/7/6 18:03,2.0,1767.0,12.6,-73.981583,40.576748,-73.905228,40.689011,True,,,,,,,,,,,,,
330790674C31F5E314C64BDAF454E1B4,EAABB9685BB5DADB974E8B66048D783C,CMT,1.0,Y,2013/7/6 17:37,2013/7/6 17:46,1.0,528.0,3.2,-73.995934,40.594788,-73.950806,40.583336,True,,,,,,,,,,,,,
B911A10C1EC912084DE011C5B760BAF0,AE1A50ADB23C45D840B9BF40884955F2,CMT,1.0,N,2013/7/7 01:42,2013/7/7 01:44,1.0,147.0,1.0,-73.990639,40.586285,-73.990639,40.586285,True,,,,,,,,,,,,,
F7894C79766616402691925FB1B7CEFD,BA050510359F0B2837D5C893AC7533FE,CMT,1.0,N,2013/7/7 14:25,2013/7/7 14:30,2.0,332.0,1.0,-73.976028,40.575199,-73.961067,40.57542,True,,,,,,,,,,,,,
4DD8918E83252001F02331E1B602B602,A380089FABD16B072AE282D2169CCE52,CMT,1.0,N,2013/7/7 17:52,2013/7/7 18:30,1.0,2332.0,9.5,-73.981049,40.575832,-73.927109,40.681477,True,,,,,,,,,,,,,
2697C7270FC00E427AFE8DFBB0964FC5,1F4ABACB3A2E38D00C2A92C3AEE5C7DC,CMT,1.0,N,2013/7/7 21:16,2013/7/7 21:21,1.0,319.0,0.3,-73.985008,40.577789,-73.983124,40.579193,True,,,,,,,,,,,,,
39BE91BFA2A1901D781BF2E34D6A28BC,73AB247C50AA8066266301C9A79CB330,CMT,5.0,N,2013/7/13 22:17,2013/7/13 22:19,2.0,94.0,0.0,-74.002571,40.579624,-74.002563,40.579624,True,,,,,,,,,,,,,
3780040B8F52026C9141895FA997EAAB,833ECDE53ECA81940D6DC3C944AE9FEB,CMT,1.0,N,2013/7/14 09:14,2013/7/14 09:25,1.0,670.0,5.3,-73.992531,40.594765,-74.016129,40.704769,True,,,,,,,,,,,,,
B6D7094CD5A86D7EC449BD2CBEC454EC,3A2AFFABF8BEF0FD2245DA8FDCB365B0,CMT,5.0,N,2013/7/12 02:09,2013/7/12 02:09,2.0,35.0,11.6,-73.970413,40.579987,-73.970413,40.579987,True,,,,,,,,,,,,,
0CC08DE5645A7137059499EA11886805,4F2627F9FD34A9B9EFCCFC5147048345,CMT,1.0,Y,2013/7/8 20:55,2013/7/8 20:55,1.0,959.0,12.1,-73.986641,40.583488,-73.986641,40.583488,True,,,,,,,,,,,,,
2F15B39D5CC3C332688612724EF80F01,693BD6C035A68D439BBFFAB72EB4CFAA,CMT,1.0,N,2013/7/12 21:45,2013/7/12 21:52,1.0,420.0,0.9,-73.990959,40.596672,-74.002403,40.603573,True,,,,,,,,,,,,,
